PC1,PC2,cluster,mean_rating
-1.8985227353107474,-1.5998175062087323,2,1.5691666666666666
-1.9708410894152917,-1.6327479973137038,2,1.5816666666666668
-1.9702884266591143,-1.6271356094558977,2,1.580416666666667
-1.8660556083317275,-1.6452027030786536,2,1.5904166666666668
-1.9702884266591143,-1.6271356094558975,2,1.580416666666667
-1.9707050717359258,-1.6276717127017695,2,1.5804166666666666
-1.1504062377727566,-1.937621490835406,1,1.695
-1.5728860194360568,-2.147242208788748,1,1.7874999999999999
-1.2299140135423978,-2.2441999081691844,1,1.6420833333333331
-1.5968151956589027,-2.5043710202921075,1,1.6900000000000002
-1.9998200563060375,-2.0853455784355246,1,1.5145833333333334
-1.992168396823787,-2.097387022620687,1,1.5125
-1.948845835624282,-2.1798424284924356,1,1.4949999999999999
-2.4038458441777664,-2.235112741384309,2,1.5837500000000002
-1.881939245281698,-1.5060490533333186,2,1.4170833333333335
-1.9721182667279107,-1.5714706004417158,2,1.4320833333333332
-1.5306292682181164,-1.3751234301657935,1,1.3341666666666665
-1.530551969332722,-1.3753544874516557,1,1.3354166666666665
-1.3837970579098755,-1.6184618234851518,1,1.3929166666666666
-1.1750129501827624,-1.825463411351995,1,1.5254166666666666
-1.381532681541232,-1.603715447324047,1,1.3950000000000002
-0.9563981904454161,-2.0501635339848874,1,1.5704166666666666
-0.9741011575639456,-2.048610447429261,1,1.5716666666666665
-1.4383445673531947,-1.5291616517013955,1,1.3987500000000004
-1.6930032058925506,-0.3572532924028824,2,1.2608333333333333
-1.8627490615184996,-0.45328248544892497,2,1.25375
-1.6890847878622501,-0.3445567964299071,2,1.2658333333333334
-1.2249977463317352,-1.2092858305634342,1,1.4483333333333333
-1.704932842520825,-0.36498915770792884,2,1.2574999999999998
-1.7045819710894135,-0.3665836108761326,2,1.2579166666666666
-1.7898540280105761,-0.43247869754359264,2,1.2354166666666666
-1.789827320103711,-0.42793831792502174,2,1.235
-1.7710921432868842,-0.39247604029084376,2,1.2754166666666666
-1.7809482144774993,-0.4131560045012042,2,1.2699999999999998
-1.9810156350426529,-0.5403891794438367,2,1.2675
-1.7931766091757606,-0.4328059695617172,2,1.2733333333333334
-1.4762836437378182,-1.5220075761251954,1,1.5416666666666667
-1.1939627904628998,-2.0267582685458043,1,1.5908333333333335
-1.063352959695132,-1.4339831384814767,1,1.4695833333333332
-0.5674120827186552,-2.0869908955295915,1,1.5420833333333333
-1.6185672624142489,-0.9937022120906247,2,1.5445833333333334
-0.932794516337869,-1.8396568089668344,1,1.7120833333333332
-0.9073002266481269,-1.8461644395409775,1,1.7141666666666666
-0.7030913629081035,-1.3937718017989276,1,1.6295833333333334
-0.9765056830528035,-1.6067504947207756,1,1.6683333333333337
-0.7189569228220529,-1.8096984950375494,1,1.5916666666666668
-0.7734106415887966,-1.6369331809599492,1,1.5583333333333336
-1.3076997351708242,-1.5033131561042343,1,1.7045833333333331
-0.8443417189934068,-2.159415485014868,1,1.6479166666666665
-0.7541344138875329,-2.0782708013073483,1,1.6820833333333332
-0.5684534724866942,-2.2703246844258045,1,1.6837499999999999
0.5169802877456664,-1.9187672714384352,1,1.9183333333333337
-1.1053123100977835,-2.6083006196303473,1,1.7316666666666667
-1.1200519822857145,-2.0580947026308376,1,1.6941666666666666
-1.1541310188489182,-2.836867474893474,1,1.877916666666667
-0.9829534087490143,-2.3122296023082067,1,1.7983333333333331
-2.0207803072610657,-1.3733221908831696,2,1.7629166666666667
-1.031575230251374,-2.8624178923572723,1,1.8866666666666667
-0.6887858977571598,-2.289718637369439,1,2.012083333333333
-0.40734212110381574,-2.7634589506150737,1,2.11
-0.15816565942615865,-2.1983743236761306,1,2.2275
-0.9535788958919958,-1.686215475342019,1,1.6629166666666666
-0.49112729760062057,-2.505013438075593,1,1.8379166666666666
-0.5198167351761319,-2.522312477832458,1,1.8295833333333336
-1.051356495597432,-1.7652679469893617,1,1.6625000000000003
-0.5169662878341194,-2.466941291954756,1,1.8579166666666669
-0.9426373032005717,-1.6360881828610732,1,1.68875
-1.285466327675551,-0.5695673256081877,2,1.5145833333333334
-1.1837771475325027,-0.5104301166674087,2,1.5658333333333336
-0.688997301788582,-1.4098650649596882,1,1.7433333333333334
-1.472038399550117,-0.5613641868523066,2,1.6720833333333334
-1.4026174229767256,-0.24101711662422207,2,1.5579166666666666
-0.4039897893598297,-0.8352850065954273,1,1.7354166666666666
-0.40408373105238293,-2.112520805462568,1,1.9900000000000002
-0.010010767422181974,-1.8348599605681843,1,1.8904166666666666
0.06155463919638966,-1.6885183266956163,1,1.9016666666666666
-0.5845085352019361,-1.4269644564833863,1,1.7391666666666665
0.21768153368319304,-1.6973875667072265,1,1.9179166666666667
0.2444473058000428,-1.7371362366581995,1,1.9100000000000001
0.23027354511243223,-1.858126505320201,1,1.8983333333333334
0.2510867811266586,-1.8657995910636376,1,1.8983333333333334
0.3072100690160596,-1.9301808621370449,1,1.8825
0.34362018210715295,-1.9537580650061133,1,1.8808333333333334
0.36910677828762195,-1.9534874680738614,1,1.8854166666666667
0.45030246738347657,-1.851079990771692,1,1.905
0.6460419074994905,-1.764220878219406,1,1.9449999999999996
0.6936685736054111,-1.7972113009038253,1,1.9454166666666666
0.015433061160420324,-1.5985297028753964,1,1.7566666666666666
-0.4858933644346088,-1.308349360141147,1,1.93625
0.382428657221288,-2.154621306675498,1,1.9666666666666668
0.5932949964625652,-2.353166639587211,1,2.01625
-0.1371124880741782,-2.1987211262161837,1,1.8316666666666663
0.5099010413765847,-2.232934701599787,1,1.95875
0.9937458621735371,-2.092895078658414,1,1.8404166666666668
1.0808030115975906,-2.024506667824744,1,1.8549999999999998
0.3580501413977299,-1.8772850837100659,1,1.67
0.3961476216582185,-1.9011398451666897,1,1.6675000000000002
0.07770961729770952,-2.333951683486192,1,1.7895833333333335
0.8421946537923175,-2.610563082340756,1,1.969166666666667
1.5113342421931972,-2.623241947196325,1,2.0820833333333333
0.8044200509641728,-2.6396679360657447,1,1.9825
0.4148213281694596,-1.3399893290307083,1,1.8345833333333335
0.3610512410380967,-1.4217958481804502,1,1.8225
0.5439379239135014,-1.5546314436428261,1,1.8458333333333332
0.5469897827583275,-1.547528820956405,1,1.8462500000000002
0.39018582696478704,-1.6386743434971998,1,1.85375
0.5531251155598116,-1.4855500902101322,1,1.8358333333333334
0.42447682560319006,-1.4727995301492407,1,1.8645833333333333
-0.075136811850408,-0.6628765192580096,1,2.040833333333333
0.3903656595262727,-1.1520633267040288,1,1.8379166666666666
-0.6463327545100647,-1.1179611043866196,1,1.6941666666666666
-0.5436032913211541,-0.32675543184253136,2,1.6116666666666666
-1.6994577171773075,0.5658690493886241,2,1.6708333333333334
-1.47400341371727,0.40354362413871,2,1.6508333333333336
-1.2514336893481597,-0.41253738694457737,2,1.7979166666666668
0.029026014902225894,-1.1532349514174256,1,1.8066666666666666
-1.2943191626176773,-0.46127166520709967,2,1.7983333333333336
0.41378191383440915,-0.8269167405313866,1,2.168333333333333
-1.2025986728394475,0.12177954881719284,2,1.9725000000000001
-0.23795144700740034,-0.76975423488783,1,1.94625
-1.2287279795784776,0.7427496813101127,2,2.2725000000000004
-2.2162121192526207,1.514511471251985,2,2.027083333333333
-0.014986245247881004,0.650867097875662,2,2.28375
-2.2704459996157778,0.46098540099760354,2,1.8862500000000002
-1.6916095677096248,1.449863917429557,2,1.7229166666666667
-2.4258866539613417,1.402437843486669,2,1.7874999999999999
-2.3849283083732074,-0.11809359249211007,2,2.077916666666667
-1.2938531610658552,-0.5224886236282844,2,1.8170833333333334
-2.005426978245772,-0.5432765289637248,2,1.9445833333333333
-1.9135107866431005,0.4302141189798073,2,1.8025000000000002
-0.5097296401581155,-1.062092056429174,1,1.9708333333333334
-1.744909597783823,1.8673369587586754,2,1.9841666666666669
-2.0796859430529753,2.353067522211756,2,1.81125
-2.383149466778684,1.7982613119354882,2,1.7883333333333333
-2.387130751727134,1.7286910561403044,2,1.7895833333333335
-2.3963734689494767,1.7163946382016573,2,1.78875
-2.38437209123267,1.7256810669898883,2,1.782916666666667
-2.371624511362272,1.73281236885341,2,1.7837500000000002
-2.4252705314932523,1.71998091656684,2,1.7975
-2.330093835712597,1.7799201551520565,2,1.8170833333333334
-2.3968419759638686,1.6943041183619734,2,1.7966666666666666
-2.400564849386077,1.7052228827482312,2,1.79625
-2.373197030510957,1.6840335001764648,2,1.799166666666667
-1.3422528973003918,0.6968864699573352,2,1.7158333333333333
-2.0009913791071288,1.193946133807542,2,1.97875
-2.5599669390064883,0.9063888982134884,2,2.105
-2.5393278939791704,0.8791603523194125,2,2.1045833333333337
-2.5390271540634832,0.8444299719062003,2,2.10125
-2.7694666604124523,1.2037276696261965,2,1.9616666666666667
-2.6225391096120223,0.615584734704779,2,2.1437500000000003
-2.5857006766739175,0.5936304868629001,2,2.1445833333333333
-2.8173242015309814,0.9128728124383808,2,2.000833333333333
-2.5280098461413503,0.5175327454191382,2,2.1437500000000003
-2.428618489531303,0.4791092226152133,2,2.1525
-2.464158062164754,0.21398288316847952,2,2.1824999999999997
-2.3900836478029666,0.19747164007712045,2,2.19
-2.2510260372935,-0.892978025660923,2,2.1033333333333335
-2.1776992561556052,-0.25999192983829855,2,2.28
-2.1501250086720773,0.3631387619016091,2,2.2408333333333332
-2.8989187755538586,0.06443569357749077,2,2.21625
-2.333583932368666,-0.009648417657976268,2,2.1133333333333333
-1.6952067712345167,0.9451288288338918,2,2.2912500000000002
-2.400803535896328,-0.17390096265968807,2,2.125
-2.3226172845485746,-0.11939812388926038,2,2.089583333333333
-1.7081890591194222,0.8185020063219801,2,2.2745833333333336
-2.2343402012871185,-0.5491537477139241,2,2.1679166666666667
-2.487568190413755,-0.7010061068385652,2,2.2041666666666666
-2.412622272181448,-0.3434409668514922,2,2.1529166666666666
-2.4173727576989483,-0.5683185544104153,2,2.17375
-2.504661143345856,-0.959947219395885,2,2.214583333333333
-2.3516733551661204,-0.6463221678719845,2,2.1791666666666667
-2.123386460117392,-0.7104666120660773,2,2.1625
-2.1176303127088607,-0.8592834003925385,2,2.14
-1.7776372828528717,-1.4587336919808276,2,2.1841666666666666
-1.7864923210179944,-1.221982280479754,2,1.9087500000000002
-1.7036791958360502,-1.4723320681154621,2,1.9308333333333334
-1.7017162068674583,-1.6622957529250626,1,1.9579166666666667
-0.9120566240282805,-1.4063583657819045,1,1.79625
-0.4367072014829727,-0.9823265274837145,1,2.02375
0.22910188742509413,-1.6669918354530027,1,2.0895833333333336
-0.5248460485466337,-2.3834428474229075,1,1.88375
-0.6389883904169757,-2.2292662504343634,1,1.9175000000000002
-2.0007289949117584,-1.3117577954850175,2,2.115
-1.975059546532006,-1.3433687441894775,2,2.2183333333333333
-1.9472547773941495,-1.5645986268141674,2,2.25125
-1.8709556107048368,-1.2495856996861399,2,2.205416666666667
-2.3741649266906983,-0.7218729759142333,2,2.0541666666666667
-2.0208284812884028,-1.317655018544296,2,2.2325
-2.001580120708336,-1.2999250390573631,2,2.2375000000000003
-2.247368752609026,-0.990608161218641,2,2.094583333333333
-2.072976363021099,-1.419192238601382,2,1.8500000000000003
-2.0544340490960096,-1.5076011101183266,2,1.83875
-2.0591874129587757,-1.5048337867194062,2,1.8375000000000004
-2.10455033283439,-1.4901738649130456,2,1.8270833333333336
-2.1629685349990884,-1.3755088068544297,2,1.85125
-2.098689754362123,-1.4548189735297132,2,1.874583333333333
-2.1764960274488128,-1.4592499351151829,2,1.8358333333333334
-1.8218456611519704,-2.8453031468362866,1,2.0520833333333335
-2.50149387301762,-1.8268078472072848,2,2.063333333333333
-2.665332982076225,-0.9797195662956355,2,1.8745833333333335
-2.0250025608898707,-1.1576311079475887,2,1.7833333333333332
-1.8956457988559208,-1.8114679279879236,1,1.8654166666666667
-1.8619537201998555,-0.8446747512757273,2,1.7166666666666668
-2.703660685510936,-0.358086500961522,2,1.8341666666666665
-1.8919868720610191,-0.7768216091096617,2,2.171666666666667
-2.4126001290483154,-0.06757667628045994,2,1.7545833333333334
-1.6841801721524148,-0.44045238898452777,2,1.93875
-1.9119970770764512,-0.48225857814534034,2,1.9887500000000002
-2.4977109732197027,-1.1338004292844497,2,1.8525
-2.709261512667614,-0.257378868746861,2,1.7433333333333334
-2.0335644638017807,-0.755101713321222,2,1.7591666666666665
-2.3401646681998365,-0.07131437115732166,2,1.63
-2.4641524381683864,-0.22698727263482918,2,1.7016666666666664
-2.245095020830049,-0.09326048116702648,2,1.6491666666666667
-2.0851266906797243,-0.0452904438394206,2,1.6745833333333333
-2.4389170965229687,-0.9228656054940753,2,1.7833333333333332
-2.413855704016726,-0.9169073891628339,2,1.7795833333333333
-2.1866088245545217,-0.7701528966518042,2,1.7141666666666666
-2.0728598285774575,0.2973903184052561,2,1.6420833333333331
-1.7504096561560671,-0.018770681766465624,2,1.6187500000000001
-1.4702848973479137,-0.12006461124369176,2,1.8925
-1.3208047884160317,-0.5200491333046043,2,1.8516666666666666
-1.1203416150224108,-1.3505860692500293,1,1.995
-1.3928979061352162,-0.45429268870984096,2,1.8433333333333335
-2.200586740880289,-0.21446202136520473,2,1.7079166666666665
-1.9358687721218861,0.37410503538156975,2,1.6487499999999997
-2.6963351594776808,0.1645694480581796,2,1.9462499999999998
-2.1637990920416805,1.1865714303216517,2,2.015
-2.1958975852495035,1.3621250899667394,2,1.9349999999999998
-1.6699701541166532,0.7213459263663446,2,1.9395833333333334
-2.3377298564740436,0.9905969190583019,2,1.7445833333333336
-2.2853326075408034,1.1189350909835196,2,1.7241666666666664
-1.2670140370330651,0.2208530739121758,2,1.8291666666666666
-1.2750752726187908,-0.4906169881053468,2,1.9879166666666668
-1.151099069123926,-0.4543351254870709,2,2.0004166666666667
-1.0506550490025897,-0.4964807411964202,2,2.0195833333333333
-1.6587812345120694,-0.2081440900619335,2,1.8362499999999997
-0.8725304601306021,0.5310142244003375,2,1.8783333333333332
-1.1678453564344127,0.24731490130188066,2,1.970416666666667
-0.6352797297142896,0.47932545192618614,2,1.904583333333333
-0.60959559218694,0.3669696451333474,2,1.9262499999999998
-1.8279167625356139,1.3245066291726058,2,1.8695833333333332
-2.153707191559325,1.1165118279075636,2,1.94625
-1.7575903316680983,1.2367566670914094,2,1.89375
-1.6778819346747256,1.1841823434766006,2,1.8866666666666667
-2.033952990352573,1.0928940029281926,2,1.9204166666666669
-1.7905474318752197,1.110089546230222,2,1.8549999999999998
-2.1534636983169,1.064800711058763,2,1.9470833333333335
-1.6828619048512676,1.1979464249484508,2,1.8620833333333333
-1.6895735146173538,1.0354296408913752,2,1.8675
-1.5899942237627174,1.11032357096658,2,1.89
-0.742359735139163,0.8562900548590332,2,2.057916666666667
-1.3897348857712202,1.044602559028899,2,1.9108333333333334
-1.3621462057972817,0.12147044918641801,2,2.1020833333333333
-0.8432436481595528,0.7341888155822229,2,2.1595833333333334
-0.7252488129000723,-0.047805258267317505,2,2.2566666666666664
-0.7265900008106163,-0.058867297700357334,2,2.25375
-0.9702302018872452,0.7109329866965748,2,2.145
-0.52951259481895,-0.1987851856839678,2,2.31
0.1779901712002507,-0.4086124987305635,1,2.4491666666666667
-0.6263079083984244,-0.46651010818745586,1,2.36
-0.10776933181016134,0.2917653817383219,2,2.3466666666666667
-0.777908464567695,-0.47887084111648287,2,2.38375
-0.1147302012163006,0.3434492170153178,2,2.3333333333333335
0.6378265408352453,-0.5814010224188895,1,2.3579166666666667
0.06187194725840245,-0.0769228653641969,1,2.61125
0.23681136212595444,-0.020251188914024446,1,2.6395833333333334
-0.4878676902141836,0.08777919556569189,2,2.7445833333333334
-0.1981642743277847,-0.00480102089064681,1,2.6975000000000002
-0.5311014447908472,0.2682568405283135,2,2.4920833333333334
0.2566404711488638,0.9497417693795661,2,2.4858333333333333
-0.4959782708629519,1.0764224648253033,2,2.349583333333334
-0.9190824918630514,1.1403716680917309,2,2.606666666666667
-0.4372057273319235,0.7025300678949983,2,2.64125
-1.3008544097688288,0.9779045655319333,2,2.5100000000000002
-0.007003056066092722,-0.10513258512036536,1,2.554583333333333
0.5889508480037164,-0.039430104507808754,1,2.655416666666667
0.7283595124850809,-0.5170455372253123,1,2.7116666666666664
-0.06808902968548258,0.14860719364060082,2,2.4808333333333334
0.313951512163167,-0.5805663323470377,1,2.3245833333333334
1.1192818535888962,-0.7837000319452169,1,2.4808333333333334
0.8520265268631447,-0.5408904942660603,1,2.3945833333333337
1.123856877487183,-0.43495917836605286,1,2.3437500000000004
1.4650740483884477,-0.7259110929398539,1,2.409166666666667
1.507925657447112,-0.7193814072752703,1,2.4141666666666666
1.722773187474867,-0.9458402318904633,1,2.399583333333333
1.5653938486213281,-0.9416374530105445,1,2.4154166666666668
1.2599328394071108,-2.0640749073366402,1,2.199583333333333
1.856632885641751,-1.5228413312028068,1,2.235416666666667
1.3442663157041423,-1.789368081611805,1,2.3000000000000003
1.1369572081372403,-1.3672394149754568,1,2.4154166666666668
1.1274008394864292,-1.3688888404007824,1,2.4166666666666665
1.108855345088819,-1.3644830459942454,1,2.4129166666666664
1.1324122412832016,-1.367456042117345,1,2.4175
1.1378514538377291,-1.375448188694326,1,2.4175
0.8543811827637542,-0.8935376452881103,1,2.30875
0.864971898569679,-0.8917274487343978,1,2.3120833333333333
0.8590801263185325,-0.8899940734485927,1,2.31
0.8804492916239457,-0.9002431501541437,1,2.314583333333333
0.8935170961637403,-0.898914515377561,1,2.314583333333333
0.8951068983829841,-0.8964422834556202,1,2.315
0.8995991053152327,-0.9046819331503775,1,2.3175
1.159978867393981,-1.3598134761389264,1,2.4204166666666667
1.1585432089846754,-1.35508882924516,1,2.4179166666666667
1.036693598665979,-1.2517340220417628,1,2.2108333333333334
0.8384070396275857,-1.135494950656338,1,2.2795833333333335
1.463394725268139,-1.7655626265941815,1,2.3350000000000004
1.1051004333094574,-1.29765418139703,1,2.2112499999999997
1.0145039851500355,-1.3273573086011152,1,2.1933333333333334
1.3356718178295526,-1.879349341216572,1,2.27
1.6152667855634333,-1.8972658529072501,1,2.2704166666666663
2.690651334243159,-1.4805419216103788,1,2.4370833333333333
1.0878934366713182,-1.3861256104695951,1,2.220833333333333
2.2123107673801794,-2.7482115333945916,1,2.5341666666666667
2.047229389811868,-1.3682371148004897,1,2.265833333333333
2.265624999442605,-2.766768320077703,1,2.5174999999999996
0.9693422651801772,-2.369025348541909,1,2.2899999999999996
0.14816748251137757,-0.3592791287613967,1,2.3175
0.1041319185958299,-1.2161133534079376,1,2.3591666666666664
0.17052047625083783,-1.299550035716285,1,2.345
0.359036843549186,-1.6391532585955528,1,2.315
0.12265053958489892,-1.4674391941142868,1,2.34
1.3501153038354683,-1.7860439074751915,1,2.377083333333333
0.1609695065179618,-0.911752802811941,1,2.3962499999999998
0.5021611139041777,-2.1104092574069893,1,2.5370833333333334
0.9794022103131432,-2.382328334855542,1,2.5708333333333333
1.7148224175233575,-2.7496971047475065,1,2.6891666666666665
0.1433773071241018,-2.259532631829294,1,2.3658333333333332
0.7603992026021721,-1.7052512874883403,1,2.4029166666666666
0.814031058312728,-1.40055383225936,1,2.2591666666666668
0.22475456902901514,-1.3928711695835372,1,2.169583333333333
1.350779618552467,-1.160636177455946,1,2.145
1.2011130239156325,-1.0879521819045002,1,2.1195833333333334
0.7901209585676181,-1.1188027825068712,1,2.2445833333333334
0.40720979682906044,-0.9046474668529734,1,2.0775
1.141710342635636,-0.07296358907552894,1,2.1633333333333336
-0.8483434779789077,1.3813398928411273,2,2.441666666666667
0.027922825858232858,-0.1450955375132596,1,2.8625000000000003
-0.5247085324833799,0.5017079792985933,2,2.5445833333333336
-0.11508674003145605,-0.8594025231169945,1,2.2137499999999997
-0.5090656794565369,-0.791575810424655,1,2.1429166666666664
-0.08096458819416846,-1.0840150728379803,1,2.1599999999999997
-0.4829127789690139,-0.40410448715459535,1,2.097916666666667
-0.9041144077293476,0.3573182685320652,2,2.2712499999999998
-0.735944407309021,-0.29125595976510893,2,2.38125
-0.7656289097034328,-0.2955036963938061,2,2.3754166666666667
0.8041024292794179,-0.9595502008891,1,2.5900000000000003
-0.4691145886722765,-0.7866371813109516,1,2.424583333333333
0.07449472151359215,-0.7048197856993328,1,2.5258333333333334
-1.4633088821175593,0.3953289450051019,2,2.2658333333333336
0.7492615720917237,0.09010947088138907,1,2.4725
0.5101310001733345,-0.0012604578847229622,1,2.2716666666666665
0.4293355091943379,0.5020815736012203,1,2.1220833333333338
-1.3559278637932966,-0.4052054882919151,2,2.3916666666666666
-1.997654161018863,0.84173380208235,2,2.3766666666666665
-2.125301821659151,-0.2870845998312819,2,2.4079166666666665
-1.6627519549986525,0.42649029211642153,2,2.2029166666666664
-1.4819893426573916,-0.14336451928003452,2,2.294166666666667
-1.3269895942920495,0.5042383853700468,2,2.1725
-2.1897004853867994,0.28652431710398446,2,2.3008333333333333
-1.9584528874027913,-0.466954372006505,2,2.4208333333333334
-1.6973267019406784,0.5367985721094921,2,2.1779166666666665
-1.789690879160318,0.7512502235292486,2,2.2329166666666667
-1.0409739166962133,0.04713842855361599,2,2.2279166666666668
-1.315025124316182,-0.1627860925046276,2,2.0595833333333333
-1.649770290697621,0.5271232973254629,2,2.189583333333333
-0.5638756042838349,-0.5055085994368134,1,2.322083333333333
-1.3233754495100258,0.5411470512113827,2,2.18875
-0.06988176320186672,-0.32569848497197906,1,2.2025
-0.981705489587713,0.13086477819066247,2,1.95375
0.01597230007868713,-0.05876919636587679,1,2.2183333333333333
-1.7440781441005344,-0.25861974774831936,2,2.1820833333333334
-0.9344108492092136,0.3887424917375304,2,2.04625
-0.897597530757958,0.34440852703449587,2,2.0500000000000003
-1.0380505437628813,-0.2565663547917445,2,2.138333333333333
-1.466071295337964,1.1543105661820767,2,2.0370833333333334
-1.5807882115508385,1.1208689631632318,2,2.0141666666666667
-1.5663490492345427,0.2647786388907439,2,2.38125
-1.8161940626252517,0.1518166488031375,2,2.4341666666666666
-1.3993220130551989,0.2201925424631562,2,2.236666666666667
-2.177863594568594,0.6500635603079639,2,2.4145833333333333
-0.9481294218805586,1.2174204223917537,2,2.171666666666667
-0.9440894165319362,0.9710145542760693,2,2.1941666666666664
-0.7336476357612925,0.8289452254743485,2,2.1220833333333333
-1.1386700334179367,0.2960805346515003,2,2.4125
-0.23133734680007012,-0.18973223972499317,1,2.6183333333333336
-0.5214702530592337,-0.06997050891639338,2,2.6424999999999996
-2.2041327714324943,0.6945701897708273,2,2.339583333333333
-2.2670587491598466,0.13204126884842435,2,2.294166666666667
-0.31273096852523663,0.17582081309294076,2,2.3404166666666666
0.45965178193296746,-0.729576517527588,1,2.3133333333333335
0.9479575242415026,0.32542220472279165,1,2.7695833333333333
1.1794002580002123,0.14968451841703354,1,2.6437500000000003
0.8836751326742824,-0.3945439365474347,1,2.4770833333333333
0.7041029038013805,-0.5679776757456801,1,2.6391666666666667
-0.14419259040120155,0.2305394062609714,2,2.106666666666667
-1.5652123259975796,0.4236766131729402,2,1.96
-1.662359979210911,0.19701026445014552,2,1.9775
-1.2698438016886442,0.6003987712034649,2,2.1620833333333334
-2.5317509323282934,0.21685972335252854,2,2.361666666666667
-2.5503258072210806,-1.0418990913695756,2,2.3358333333333334
-1.2581038468980483,-0.5989145412497462,2,2.112083333333333
-0.28361992751793064,-1.0031737731926247,1,2.4995833333333333
-0.28607032112443026,-0.817246661601456,1,2.466666666666667
-0.2077446794718227,-1.1384129741343296,1,2.512916666666667
-1.4197431321752063,-0.44694100148399435,2,2.719583333333334
-1.5798655844417924,-1.3401634107412324,2,2.75125
-2.4268462115047567,-1.3891117981050172,2,2.3866666666666667
-2.0598050754500785,-1.3947444493661199,2,2.3491666666666666
-1.900719415120769,-1.410303552659181,2,2.4625
-1.5078009823549579,-1.7679183206440179,1,2.5958333333333337
-0.9151896476445142,-0.6816229969517517,2,2.6945833333333327
-1.355465747984675,-0.7620811302798448,2,2.4933333333333336
-1.9334128727065913,-1.395822929171678,2,2.5258333333333334
-1.3308928886106959,-1.018212293518898,2,2.5879166666666666
-1.1632634161434654,-0.8015285024037502,2,2.4833333333333334
-1.2824160620181606,-1.5698092359230145,1,2.1645833333333333
-1.7315232704805854,-1.9068446616318533,1,2.252083333333333
-1.5596317192010827,-0.8697993749006838,2,2.149583333333333
-1.892748455292801,-1.5394267462120028,2,2.3604166666666666
-1.7927336667549356,-1.5397403480940854,2,2.37
-1.6097887233227393,-1.9783479207785348,1,2.25
-0.7901552086597657,-0.8500059038398381,1,2.4250000000000003
-0.8031237839454988,-0.9373941203560917,1,2.2245833333333334
-1.397641744281507,-0.7963978041004962,2,2.1220833333333333
-0.5108107142407855,-1.2698465828627088,1,2.34125
-1.3274681958011423,-0.8397794942624639,2,2.1220833333333333
-1.9941548109471174,-1.4796330697750362,2,2.372916666666667
-1.6284734080028822,-1.1540715693835577,2,2.3329166666666663
-0.5532383645192374,-1.3037449843340152,1,2.158333333333333
-0.5662101475518091,-1.2782549639111134,1,2.14
-1.0191795211168557,-1.3609632434920627,1,2.2066666666666666
-1.002258575036062,-1.34514377418074,1,2.2158333333333333
-1.4154198745771127,-2.9755032737459914,1,2.237083333333333
0.5155596370412279,-1.4768007281688469,1,2.1233333333333335
-0.3731771173996388,-1.9318558062099191,1,1.7625000000000002
1.1410492651504442,-2.620650389534997,1,1.8929166666666666
0.7647146146345899,-3.258963488012538,1,1.986666666666667
0.3631508505006572,-2.733386244039916,1,2.03125
0.7807963105111679,-3.3404986935796854,1,1.97625
0.9410181537306529,-2.5420722393378843,1,1.8733333333333333
0.29895673210380963,-3.4770869821863446,1,2.0708333333333333
0.46993932276006284,-2.748188756097632,1,1.9512500000000002
-0.20124153663167835,-2.890569954632118,1,2.1179166666666664
-0.20041990180215663,-2.888501032504139,1,2.11875
-0.08803568564664185,-2.7653834308953296,1,2.2395833333333335
-0.03722027779331986,-2.775713326808356,1,2.1358333333333333
0.11096562938258078,-1.9987137189975677,1,2.0741666666666667
1.2007266539329986,-1.8157921534568031,1,2.274583333333333
0.6855343822819138,-3.015172039431666,1,2.28125
0.5408527014681098,-2.5070463844310553,1,2.0079166666666666
0.05448784976696769,-2.713787130215491,1,2.0429166666666667
0.3273065922039594,-2.64961573545202,1,1.9887500000000002
-0.2793853050902146,-2.9728738703412723,1,2.0829166666666667
-0.34490339760682504,-2.317607510112257,1,2.015416666666667
-1.4324778925732253,-2.1662144869250253,1,1.9620833333333332
-1.5813179314627706,-2.9180870328837347,1,2.154583333333333
-1.3008006167792971,-3.112328548304628,1,2.2816666666666667
-0.08337591590401773,-2.3046384026005904,1,2.200833333333333
-0.28794632966042855,-2.4336030973410963,1,1.90625
-0.26322664783168637,-2.448486817614516,1,1.9045833333333333
-0.09696646773254655,-3.105939645135308,1,1.9637499999999999
-0.026955429306722397,-2.1733473847310165,1,1.9566666666666668
0.8237272395745137,-1.968422365882801,1,2.1799999999999997
-0.4816129912481713,-2.225180126022168,1,2.1612500000000003
-0.03966892514462998,-2.609996850583511,1,2.370833333333333
1.502829520237003,-1.9204505475369538,1,2.2575
2.1150564921723283,-2.316269544841018,1,2.4508333333333336
2.27374825515144,-2.135869716282511,1,2.28375
1.8684491670955403,-1.7554260806619466,1,1.9541666666666668
1.846215278280059,-1.8182279260659422,1,2.2
1.3559360721570506,-2.0738313205519514,1,2.314583333333333
1.0709295522621856,-3.0821070236682413,1,2.387916666666667
1.1829131286587546,-2.589004432350541,1,2.13125
1.3930282546461903,-2.856385847807888,1,2.234583333333333
0.7879657323532707,-3.0921800434878897,1,1.9929166666666667
0.8027895956527664,-3.098565190906445,1,1.9920833333333334
-0.10824237277471149,-2.4768776642883195,1,1.8595833333333331
-0.6465991780658671,-3.0828162820408824,1,2.0920833333333335
-0.5547723977293159,-3.035284998841823,1,2.1125000000000003
-0.36778564324484303,-3.5742413571100418,1,2.4008333333333334
1.0378541642339822,-3.180927265805972,1,2.1775
-0.15267361606190463,-2.568646839154696,1,2.1783333333333332
0.8115979786757321,-2.76955709521172,1,2.1366666666666667
0.929370193104392,-2.435434604720069,1,2.194166666666667
0.33469726055131754,-2.6561765637868984,1,2.2066666666666666
1.2263800783297325,-2.105650597492773,1,1.8895833333333332
1.5529230217603913,-1.8778204514006849,1,1.8754166666666665
1.3054880330771017,-1.9520471564239412,1,1.8391666666666666
1.3216580686953892,-1.980543666182092,1,1.83375
1.3479059438202314,-1.9788673338679699,1,1.8345833333333335
1.3831839976377744,-1.9912536897999074,1,1.8358333333333334
1.503388780919218,-2.038540129938816,1,1.8583333333333332
1.41706795558191,-2.0560631953253345,1,1.8279166666666669
1.4513240787378037,-2.072251297033401,1,1.8295833333333331
0.9717460766476601,-1.9569171175154207,1,1.9704166666666667
0.41159828495941614,-1.2385571476042667,1,2.1541666666666663
0.5003016854334849,-1.400459275681251,1,2.1970833333333335
0.7300344687250967,-1.0174437496771833,1,2.1954166666666666
0.3998757092101703,-1.5723038327879268,1,2.2133333333333334
1.3274312954123817,-0.7819974786236169,1,1.9991666666666668
0.9613889624974671,-0.9464296650773456,1,2.2025
1.5679198403230463,-0.8691156324327804,1,2.0225
1.7427278366770211,-1.0939238070859654,1,2.078333333333333
2.077625934247388,-1.2742312276719583,1,2.1358333333333333
1.4104148446388234,-0.5133902568747369,1,2.2304166666666667
2.733523114002987,-2.4462923514751913,1,2.50375
2.232322945729587,-1.4020001645249895,1,2.5425
2.006630332489548,-1.140114466861461,1,2.6495833333333336
2.757605034136759,-1.5473431031318634,1,2.1641666666666666
1.974093349211949,-3.0119586734836425,1,2.2554166666666666
1.8370418574553522,-3.2228232425935492,1,2.4175
2.8974730536958018,-3.2610739488144374,1,2.4175
1.8141809486006126,-2.4241446733611363,1,2.38625
2.4480138505629108,-2.2371388903372074,1,2.1275
1.4125075433492438,-2.1835224352767217,1,2.27875
2.1617942948644107,-2.437174212317302,1,2.355
1.4164183445131586,-2.500192491180985,1,2.1983333333333333
3.005562366908179,-2.2671293695004118,1,1.8958333333333333
3.183912508238351,-2.3197744254033648,1,1.9320833333333332
2.42110686700903,-2.301638294175117,1,2.0991666666666666
0.9886605239533514,-1.908834359838649,1,1.8162500000000001
1.194627067492819,-2.2230015256415343,1,2.0975
1.5258478105291158,-2.1391748844044467,1,1.9545833333333331
1.5999369510790962,-2.037073687968847,1,1.9791666666666667
1.5217502194608865,-2.05922002018188,1,1.9516666666666669
1.67251485783874,-2.088692788506918,1,1.9795833333333333
1.5762996742471502,-1.4214557634011935,1,1.8791666666666667
1.6426874839835097,-2.1308720061496462,1,1.9654166666666668
1.9486700811967221,-3.055536668720598,1,2.0124999999999997
2.5295440299863765,-3.132636502252194,1,2.25625
1.016619687905074,-3.1727285990613328,1,2.1941666666666664
0.34544014033171966,-2.522231948186237,1,2.3383333333333334
0.036915604403455295,-1.5416113317570919,1,1.9887500000000002
-0.1238722851076015,-1.8138593423961493,1,2.203333333333333
-0.20900619377339372,-1.828393709638443,1,2.157083333333333
0.7344873147389882,-1.4711351515062958,1,1.8724999999999998
-0.307245572159118,-1.352719787020246,1,2.1458333333333335
-0.7940761162044316,-1.6426410555705733,1,2.0279166666666666
-0.2687535244048036,-2.2633551012836004,1,1.9174999999999998
0.8334410944583674,-1.7010763683966765,1,2.220833333333333
0.6462399089295651,-2.063252208065005,1,2.1108333333333333
0.6213966967236861,-1.5223592349942139,1,1.955416666666667
-1.5935729371350975,-0.8223789574763019,2,2.0954166666666665
-0.7013446146284222,-0.46238005739431703,2,2.0483333333333333
-0.6733987062437173,-0.3503564055312182,2,2.0429166666666667
-0.7323304775900896,-0.2119133457157404,2,1.9400000000000002
-0.4056412264972145,-1.0651559540885314,1,1.8133333333333335
-1.0779078423188204,0.1077488280896422,2,1.9912500000000002
0.32560809924435297,-0.09802007414711675,1,2.1591666666666667
-2.2362747616560417,-0.8553961779506469,2,2.1475000000000004
-2.297750791326101,-0.6020124522959518,2,2.0308333333333333
-2.65360372112226,-0.16871515294223405,2,2.1462499999999998
-1.72210929131859,0.3410241732265009,2,2.02875
-2.11263169927885,0.92222397648993,2,2.15125
-2.138818622124398,0.908956485635392,2,2.1454166666666663
-2.1187544859131324,1.574976521698463,2,2.035
-1.854286258076198,1.299926369739578,2,1.9275
-2.184146424505011,1.1018891563453217,2,2.1204166666666664
-2.1763671124744612,1.0878878541872108,2,2.1170833333333334
-2.0925973382204233,0.8887018666770082,2,2.1491666666666664
-2.0130293590229362,0.9661814250628308,2,2.1683333333333334
-1.9453760534234856,0.9741217738343517,2,2.179583333333333
-2.032568678569846,1.0721983897317051,2,2.137916666666667
-1.8313694180315316,0.8014267981815671,2,2.0095833333333335
-2.333010930708267,0.35618950853424125,2,2.1470833333333332
-2.49135232894659,0.3561756845218573,2,2.21375
-2.528774924864468,0.15847081893974732,2,2.1091666666666664
-1.8471993574274779,0.40567906245409785,2,2.085
-1.6389296193388356,0.2872188857059137,2,1.935833333333333
-2.203335682299828,0.007854410594076837,2,2.179583333333333
-2.156736408640426,-0.2923176463926586,2,2.2220833333333334
-2.069997967640723,0.4291595558491227,2,2.180833333333333
-2.1728560527653014,0.21037957357962472,2,2.1479166666666667
-0.650128003879141,0.044437215754831706,2,2.3420833333333335
-1.9741961871212796,0.656361718548589,2,2.0708333333333333
-2.9470972699792126,0.3779094254843087,2,2.2608333333333337
-2.3792003469144016,-0.08714193308375533,2,2.4579166666666663
-2.587202856858903,-0.07597073533079028,2,2.4341666666666666
-2.542591998622931,-0.10319606371700629,2,2.4379166666666667
-2.478826129199132,-0.22700631523336112,2,2.4599999999999995
-0.7145051102011131,-0.3852794310770314,2,2.3920833333333333
-1.3905134714563179,-0.6941735010301013,2,2.5991666666666666
-3.0511048319571046,-0.01707031124776521,2,2.56625
-2.132338694231522,0.00084823897674745,2,2.3941666666666666
-2.8367125609879076,-0.6914535085342026,2,2.62375
-2.511755204400408,-0.1548469235070016,2,2.5629166666666667
-1.9580065911185687,0.3000916090157793,2,2.3575
-2.8241240885007506,-0.1484223981908723,2,2.523333333333333
-2.931002750474148,-0.05771650096687169,2,2.5458333333333334
-2.2344819101708877,0.20621046658568595,2,2.3266666666666667
-2.500328895434695,-0.7847739020913272,2,2.4341666666666666
-1.7325120122402435,0.11768836605524512,2,2.4058333333333333
-1.4408230181743293,0.3945447258059069,2,2.2775
-1.4050570934187452,0.15136365836747337,2,2.3000000000000003
-0.47815787817335553,-0.5040250238189782,1,1.9587500000000002
-1.246305554805768,-0.7223477601072809,2,2.0841666666666665
-0.2931445738514995,-0.5700287768688028,1,1.91375
-1.2474205224602488,-0.8655778425412001,2,2.06625
-0.4337499029441534,-0.09318511454720146,2,1.8237499999999998
-1.2614685014669893,-0.7948063758199143,2,2.0304166666666665
-1.0506848706098488,0.5573034954408387,2,1.9454166666666666
-2.9247023072067386,-0.2218956757919211,2,2.3304166666666664
-2.952463672693757,-0.17641537501818216,2,2.3208333333333333
-2.9557737857181667,-0.17828208635270726,2,2.3212499999999996
-2.9581684957965706,-0.17970232510782935,2,2.3212499999999996
-2.960007826441038,-0.17675053539334168,2,2.3204166666666666
-2.707226170109091,-0.37601826911650077,2,2.44375
-3.1148785745945613,-0.24067182431441342,2,2.301666666666667
-3.142283274190289,-1.405248370590606,2,2.115
-1.9721812026504235,-1.9576176491589592,1,1.8283333333333331
-2.7347571772624883,-2.100915365371703,2,1.971666666666667
-2.740711334117359,-2.1054259503648853,2,1.969166666666667
-1.7134444576579948,-1.6164297461687966,1,1.950833333333333
-2.3766696433315646,-1.633228985049381,2,2.149583333333333
-1.9437065830305187,-2.087617503666284,1,1.8508333333333333
-2.0860221792637295,-2.0629408302048318,1,1.7666666666666666
-1.9273248339973243,-0.9089022498710425,2,2.0679166666666666
-1.9201952368428281,-0.7458168639468711,2,2.1483333333333334
-2.1526798809615344,-0.26202493369984486,2,2.2558333333333334
-1.9587048724971665,-0.9466654006842363,2,2.1616666666666666
-1.9790941083448084,-1.1139435528159198,2,1.8958333333333333
-2.6000115895180667,-0.5253544950003348,2,2.122083333333333
-2.996035572681096,-0.11289375051754948,2,2.19375
-1.607138883211178,-0.7080961642277777,2,1.8695833333333336
-3.0056981826505735,0.006083090010861847,2,2.0441666666666665
-3.4249900804709803,-0.1832558075579431,2,2.1145833333333335
-3.003185665845096,0.33841997659734147,2,2.0116666666666667
-2.7058262366403736,0.558217561729048,2,2.2237500000000003
-1.558345140692378,-0.368838858643199,2,1.9437499999999999
-1.3719766085248375,-0.8555127832565939,2,1.8216666666666665
-2.3033906499952335,-0.27981916047112093,2,2.185833333333333
-2.66265030568827,-0.5942487185634976,2,2.0075
-2.532616937602079,0.056053550604945955,2,2.162916666666667
-2.1734212749705937,-0.6211884870831347,2,2.0933333333333333
-2.011472060328707,-0.8918533754112606,2,2.1154166666666665
-2.6268338964879816,-1.2799515720302246,2,1.9554166666666666
-2.008197758403597,-0.8416656993713268,2,2.0479166666666666
-2.3131573434835735,-0.21782717090225207,2,1.9658333333333333
-2.324078778256494,-0.026716506741916304,2,1.74875
-2.2965082180165846,1.265508625689211,2,1.9966666666666668
-1.8773488163776675,0.38037767428075125,2,1.845
-3.2974473081533047,1.790979164651284,2,2.43
-3.25603939382329,3.381022509964563,2,2.3154166666666662
-1.341732369498223,3.3739762918846288,2,2.047916666666667
-1.9836512928685603,2.8877537446326342,2,1.9720833333333332
-3.9189951630574766,2.5185118419823285,2,1.9158333333333333
-3.3646655841442894,1.5704199490947672,2,1.6933333333333334
-3.289886992475953,1.1382940548550005,2,1.5291666666666668
-2.4808236127626087,3.4935691073703166,2,1.8541666666666667
-2.8028017088924178,4.741221833910881,2,2.2929166666666667
-1.8904090944211212,4.161517997740844,2,1.9545833333333331
-1.9714049461059118,5.38625843332507,2,2.2175
-1.8716569124889977,5.346930664774316,2,2.2420833333333334
-1.8446870756097102,4.7843451231390555,2,2.1991666666666667
-2.419023198738094,3.6621757150689236,2,1.95375
-3.651379085575094,2.4797847322670155,2,1.9070833333333332
-2.2563933116369523,3.8801078951833565,2,1.97
-2.424425654440303,4.993031469556371,2,2.0966666666666667
-2.4206019591783803,4.9959150533654135,2,2.095
-2.421757700456884,4.994758985934308,2,2.095833333333333
-2.8391665871551464,4.788839078898972,2,2.1904166666666662
-3.50421814834978,3.7568866119241333,2,2.0166666666666666
-2.3322822796813187,5.156562118704143,2,2.095
-2.174606829517654,5.39384584129288,2,2.1525
-2.4511241745600594,4.5745863398913755,2,2.0820833333333333
-1.3914308394910417,5.870736454548861,2,2.205
-2.0609765162913862,4.375288558645907,2,1.8962500000000002
-1.9118897558280652,5.423343375601763,2,1.92875
-2.5542630923412175,5.1099982134885025,2,2.07375
-2.0976576041094632,5.121473753637786,2,1.8754166666666665
-2.0855289150484957,5.133615164021198,2,1.8825000000000003
-2.0961052146210344,5.119279774074164,2,1.875416666666667
-2.0954637068930007,5.121876317901542,2,1.875
-2.0976576041094632,5.121473753637786,2,1.8754166666666665
-2.8503458040165577,3.8969922819598075,2,1.7066666666666668
-2.089195336203234,5.1061320267084085,2,1.87875
-2.0841243079261047,5.104471637414857,2,1.87625
-2.581352510679027,3.4908577448301177,2,1.6137500000000002
-2.572239565961411,3.4868389763731398,2,1.6120833333333333
-2.8699701298681246,3.8271342814752547,2,1.6987500000000002
-2.8677341357338615,3.8200083687541104,2,1.6987500000000002
-3.0021009539129406,3.78428704455475,2,1.7245833333333334
-2.998793428606402,3.779927624069054,2,1.7237500000000001
-2.999213718526447,3.773222601010477,2,1.7245833333333334
-2.0085422385217107,4.649610928964298,2,1.9795833333333335
-1.5740410438048136,5.2731477488473,2,2.1008333333333336
-1.4561119413032257,5.292118142661985,2,2.075833333333333
-1.2458386934100376,5.26922102017662,2,2.1216666666666666
-1.4046911874021029,5.225658912951699,2,2.0954166666666665
-1.405857107071536,5.214769437948934,2,2.095833333333333
-1.262596245419117,5.260809884450589,2,2.1716666666666664
-0.9177589972023227,5.219655875897542,2,2.191666666666667
-2.0432570329565714,4.3785891453621195,2,2.1837500000000003
-1.4924131411395594,4.758297165223262,2,2.0108333333333337
-1.8916576693834735,4.166945584733975,2,2.2291666666666665
-1.267084575194042,4.451051996799568,2,2.097916666666667
-1.5420113234581865,3.7642708015671644,2,2.1529166666666666
-1.574646395137866,3.4819426684345314,2,2.064583333333333
-0.9165623009936562,4.105340093883132,2,2.2095833333333332
-2.4282255604212133,3.203985895261766,2,2.0275
-2.3913132545955795,3.1944896577694504,2,2.03125
-1.4697037459600342,3.3792357828197166,2,2.1875
-1.7707719744805928,3.667452798626591,2,2.2433333333333336
-0.6838380564838339,3.4113378114477735,2,2.0566666666666666
-1.9623240907266846,2.629522469624658,2,2.0070833333333336
-2.0174423796743883,2.6993884589114696,2,1.9808333333333332
-1.351509541610648,3.255372156286136,2,2.1670833333333333
-1.3946836256426072,3.369004876325605,2,2.16
-0.8360284196575644,3.5841219291474053,2,2.0316666666666667
-1.737839704466231,3.0458747963585844,2,2.188333333333333
-1.545594473363306,3.1246407914133836,2,2.2104166666666667
-1.1415465221397993,3.412112474073151,2,2.3070833333333334
-0.816348255559542,3.3545636283324907,2,2.3425
-0.8044413947231912,3.0214225039422145,2,2.2066666666666666
-1.7143146243618959,2.726956243397897,2,2.1425
-2.035493999154555,2.4014728739087414,2,2.0616666666666665
-1.581965083170515,3.198449414729973,2,2.2645833333333334
-1.425909520026474,2.359473228291365,2,2.0866666666666664
-1.597873409266215,2.980063386652566,2,2.2104166666666667
-0.7725740802449028,2.144817304435022,2,2.18125
-0.25739132693311867,2.061658977274148,2,2.266666666666667
-1.4142073622396332,2.490437790963922,2,2.151666666666667
-1.0816817723457863,2.557990978761855,2,1.9862499999999998
-0.9799608836947052,2.533955472624043,2,1.9508333333333334
-0.25533206085577187,2.065159081395815,2,1.9691666666666665
-1.0131316659068443,2.747378302589881,2,1.9258333333333333
-0.8784618786183075,2.5477840622246006,2,1.9458333333333335
-0.6303660273554931,2.37923434553345,2,1.9420833333333334
-0.005630130098852437,2.277226883236754,2,1.8904166666666666
-0.53415522824395,2.1833647306180675,2,1.8325000000000002
-1.0232033906866662,1.7750237998338358,2,1.9275
-1.3182591808084816,2.2392736306049756,2,2.0904166666666666
-0.05326127021312272,2.2592614161961704,2,2.2116666666666664
-0.47722806974655474,1.7357822302826271,2,2.0370833333333334
-0.6601163841988538,1.8920587428185385,2,2.1304166666666666
-0.2989110623534594,2.3265514622401504,2,2.2116666666666664
-0.3041289562767496,2.4194245192324484,2,2.18375
-0.5362956919731316,2.7032757560030083,2,2.3349999999999995
-0.14725838779324826,1.715461061646864,2,2.1283333333333334
0.7125761669181362,2.0924143318881767,0,2.1420833333333333
0.6029971609725765,2.556078340184774,0,2.2183333333333333
0.33607220156932704,2.9786715382797775,2,2.3041666666666667
0.45356624369664883,3.026020717135313,0,2.3666666666666667
-0.182669414822523,2.9336441931969284,2,2.455416666666667
-0.1820551762388134,2.9665596177256988,2,2.45375
-0.1865481907653901,2.951530884930455,2,2.4525
1.4831418849362636,4.103533751014339,0,2.424583333333333
1.519775536873474,3.969291581443273,0,2.4229166666666666
1.3815727519181873,4.024331330885971,0,2.5941666666666667
1.4651809748492066,4.123059031986963,0,2.6183333333333336
1.5877636614907065,3.7645185630805083,0,2.4429166666666666
1.8942583379769937,3.2118024320342364,0,2.3870833333333334
1.6762422884566555,3.7354402561112745,0,2.4875000000000003
1.6959693771121687,3.7188431025773285,0,2.485
1.880565639435118,3.2508500929350426,0,2.3533333333333335
1.3816438577681447,2.3451591344363845,0,2.2133333333333334
1.9610995093752879,3.049034644894203,0,2.3954166666666667
1.7109927529426685,2.818882952555811,0,2.3283333333333336
2.2675364545847674,3.7286220537072388,0,2.40875
1.552207970229844,2.9080381140666565,0,2.2383333333333333
1.7835437400254581,4.0371832402518475,0,2.4062499999999996
2.1373959009512697,4.324612812634549,0,2.5204166666666663
2.8041158886959576,3.9336784600354537,0,2.4595833333333332
2.4888400691984356,3.925033238652068,0,2.1520833333333336
2.0323498359143928,3.0950978539053016,0,2.0391666666666666
2.3478172656947947,2.7901347760777266,0,2.3583333333333334
2.8637943872556124,2.3082505815022056,0,2.611666666666667
2.483799582642729,1.5843674252982551,0,2.3354166666666667
1.817315761174975,1.6816555759762282,0,1.9520833333333334
1.8092122198079774,1.942896310813828,0,1.9549999999999998
1.8541569467952959,2.038663250890756,0,1.945
2.049189293676159,1.4467278484806534,0,2.0220833333333332
1.8796592890709891,1.6123577330564645,0,1.9116666666666664
2.064070801748092,1.035145801420795,0,2.00375
1.6110419699403922,0.6112207873559744,0,1.8854166666666667
1.5501375367847992,0.5338675156476268,0,1.8674999999999997
1.9412268443973972,1.3676898038696828,0,2.0500000000000003
1.6001080356502089,1.1877071670190646,0,1.8329166666666667
2.2458102084362754,1.6141072868642514,0,1.9737500000000001
2.0999608969563717,2.084241458707884,0,2.107916666666666
1.789783760011697,1.3171181638483196,0,1.8004166666666668
1.9393452919860517,1.648582491883033,0,2.108333333333333
1.5045863552405367,1.357916340324213,0,1.9895833333333333
2.1252606152189237,1.5616529948639635,0,1.8662499999999997
2.1972807880897927,0.7895349926612635,0,1.89375
2.7832094992540974,1.1029859160769893,0,2.04875
1.9373952809404442,1.1097737131854233,0,1.7829166666666667
2.657399138538045,1.9657142678070962,0,2.002083333333333
2.287731510692721,1.0969100152368807,0,1.8295833333333331
3.4733492467335205,3.059131911909429,0,2.145
3.2292897385402473,3.498698437064864,0,2.1979166666666665
2.4000335884508504,1.3508980238555597,0,2.0216666666666665
2.5057915097234202,2.5242083640220927,0,2.0229166666666667
2.962753352112446,1.9927083218093418,0,1.9083333333333332
3.0863658521592043,1.9257319313694308,0,1.8824999999999996
4.86602119501527,3.896656543132279,0,2.2675
3.553226509550538,2.505072259167178,0,1.9745833333333334
4.235449832814147,3.3271475255028227,0,2.11625
4.501975668293643,3.349166220989825,0,2.1791666666666667
4.4254076939179905,2.494148244509162,0,2.189583333333333
4.1426243983778015,2.3961342244030734,0,2.1566666666666667
4.731427806076301,3.4665214805330162,0,2.1891666666666665
4.179101099743348,2.5635326879280678,0,2.015833333333333
4.0870537512458815,2.6820842934270317,0,2.0470833333333336
4.964130835595447,3.5221316135873617,0,2.44375
4.920668654486832,2.5680367942336506,0,2.2079166666666663
5.421945825188229,1.753252070453086,0,2.31875
5.340869014205132,2.5579087709312973,0,2.2804166666666665
4.811878882611909,1.3232123193153857,0,2.032083333333333
4.927123125953269,0.8921850539730486,0,2.2499999999999996
4.496638325970711,1.8163554750713369,0,2.2616666666666667
4.492927032448719,0.9349800134474887,0,1.9395833333333332
3.9836565003311963,1.2007440131170346,0,1.8933333333333333
4.22335366011093,2.0682189695463777,0,2.160416666666667
5.549799017702744,2.1295250717625547,0,2.395
4.516573037979993,2.018288949701746,0,2.220833333333333
4.530119366337354,2.0726181760366598,0,2.20875
4.381048995064127,2.3662522553549556,0,2.0887500000000006
4.352948106695147,2.6398649613937764,0,2.078333333333333
3.7314476914557244,1.7377202360492516,0,2.0591666666666666
4.070367898184197,1.6271127062663817,0,2.12125
4.867104535238673,2.737351733944254,0,2.297916666666667
4.683560284643982,1.6950166234410582,0,2.21375
4.734760754352059,1.6582803493781773,0,2.21125
4.677552569111446,1.6738059014259894,0,2.1945833333333336
4.452089846944939,1.2071361178997908,0,2.0341666666666667
4.502921076723145,1.2088022592671828,0,2.0391666666666666
4.197372849717665,1.4473987446707683,0,1.9533333333333334
4.865631503830701,1.5990899263745655,0,2.2083333333333335
4.545910748121788,1.1684419874866987,0,2.0366666666666666
4.030391459649072,1.0635070126982116,0,2.02125
4.308750434760381,0.4565794491282203,0,1.7304166666666667
4.2761908070080645,0.9258908002276555,0,1.9616666666666667
4.329019315080295,0.8558623587232863,0,1.9675
4.8649270511845595,0.7690773768047107,0,2.06625
5.069500565884719,0.159690136331239,0,1.8916666666666668
5.063617156201929,0.14423660168412417,0,1.8966666666666665
5.062129983547861,0.16709443263741178,0,1.8970833333333335
5.317556844177277,0.1753298190064686,0,1.8983333333333334
5.102099143341321,0.7816999253868321,0,2.07125
5.31850593865598,0.17335723088962615,0,1.8970833333333335
4.12286857729364,-0.3432775854109886,0,1.7495833333333335
4.155550420325483,-0.32711478727989374,0,1.7579166666666666
3.863943533936205,0.31143019089184154,0,1.9166666666666667
4.044240177224832,-0.2842485698867257,0,1.736666666666667
4.035112234597394,-0.2438233158803617,0,1.7041666666666666
4.178813210301447,-0.44320846391359614,0,1.76625
4.348479623237797,-0.7470868741941059,0,1.8258333333333334
4.103037525883052,-0.2733444913966482,0,1.72625
5.552566608758534,1.1278344740462198,0,2.0458333333333334
3.7632174265001543,-0.31027174871297136,0,1.7045833333333336
5.2715974046932095,-0.1512257017560904,0,2.05625
4.532884221380592,-0.30715369895459776,0,2.23
3.378064832314007,-0.6237534148830519,0,1.9583333333333333
4.692961815228945,0.689965320770338,0,1.8904166666666666
3.4535726651639225,-0.5685610499213477,0,1.8608333333333331
4.091283997865019,0.6778090626833979,0,1.8404166666666668
4.866089308324418,0.45644272668899044,0,2.0341666666666662
4.9331771965917595,0.4540336952409331,0,2.0116666666666667
4.274854499665611,0.46352152957383425,0,1.9875
4.654810218159697,0.5962468440969096,0,2.0641666666666665
3.066832747525297,-0.3240685490631895,0,1.7404166666666667
3.0800691343797832,-0.41353445544130263,0,1.7420833333333334
3.105803363581765,-0.4377038544341103,0,1.7245833333333334
3.0438257477232997,-0.6518529932684313,0,1.7175
3.6924737715307625,-0.03258840253108687,0,1.8879166666666667
3.3143542080779795,-0.9952886377444169,0,1.8633333333333333
3.174929974013136,-0.9461389629299234,0,1.8554166666666667
3.333814938669044,0.1033417428324083,0,1.9375
3.063749985039116,-0.860703955345993,0,1.8629166666666663
2.4761004020388175,-0.7491707863180944,1,1.7329166666666669
2.450494307519553,-0.7660396987616119,1,1.7366666666666666
2.180110410790193,-0.7677367654806073,1,1.73625
0.9201518784184807,-0.5977839394812886,1,1.5891666666666666
0.9358187629980159,-0.4245235584062641,1,1.5104166666666667
0.38607343957802887,-0.6556797662556946,1,1.7074999999999998
1.0426108908112184,-0.3978654269496264,1,1.4791666666666667
0.8336337502011198,0.5529636782172548,1,1.8479166666666667
1.7687060287536593,-0.04517096749963931,1,1.8695833333333332
1.6047563123122925,0.40567875861425334,0,2.0025
1.6015721866940749,0.561332244029785,0,1.75875
1.5210297219339397,0.6841325841963515,0,1.7116666666666667
1.6939867459404137,0.056592298550025844,1,1.8216666666666665
1.7995867026786116,-0.08811577218797575,1,1.8625
1.5104500782818546,0.629880330163788,0,1.7195833333333335
1.3351272339717468,1.2244422184020993,0,1.8395833333333333
1.540435192822337,0.5116882489411305,0,1.95625
1.803363160944417,-0.09456336655703663,1,1.8629166666666668
1.5947177396479102,0.26592265126459413,1,2.025
1.5996809207976903,0.27326189930846734,1,2.02375
2.2254647596974193,1.1570608392738913,0,2.1175
2.2419540554630166,1.0969175829531834,0,2.1233333333333335
1.9525778014649005,0.2724683245622739,0,1.8495833333333334
1.4834163685985233,0.5144912676072778,0,1.9795833333333335
0.4293327398289904,-0.9671707010420476,1,1.7675
0.920053481925237,0.2933913803746445,1,1.8820833333333333
0.7777511080488013,0.7608649701767232,1,2.0229166666666667
0.8266916392392147,0.7343024773752022,1,2.0262499999999997
1.52833474365972,1.2198527834489576,0,2.1958333333333333
1.6325017888003304,0.8270463621609628,0,1.89
2.7446097419840734,0.6286718887788004,0,2.0533333333333332
0.8113676280308674,0.5825275637418156,1,2.06
1.700051446878291,-0.10041667469993447,1,2.06625
1.0888985726979614,-0.42403443205392477,1,1.8979166666666665
0.9390920785905074,0.0773931614293723,1,2.0479166666666666
1.0711136312765484,-0.16532233877478844,1,1.9412500000000001
1.201030455125043,-0.5282455158970192,1,1.8845833333333335
2.812526696514464,0.10303490296794335,0,2.23375
2.8177022881294156,0.2761517048640792,0,2.1754166666666666
0.8913201491994044,-1.0584834953564464,1,1.70125
1.6782149736014125,-0.3216659802848249,1,1.79625
2.183738051091204,0.35659989893166816,0,2.0100000000000002
0.9103576327342147,-1.2042828897863396,1,1.6566666666666665
0.9496998559535971,-1.056304618320219,1,1.6283333333333332
2.4204612896386477,-0.8644519321534062,1,2.0029166666666667
2.185357031642437,-0.09876795158088768,0,2.0383333333333336
2.19939469758495,-0.8615346136029314,1,2.2025
1.1169282455440277,-1.417996533907891,1,2.1945833333333336
1.0417320215780932,-0.7710311802866984,1,2.1591666666666662
1.1487536543818833,-0.8028602892500553,1,2.1333333333333333
1.9291988553534676,-1.017689506008404,1,2.29125
1.0468732146630804,-0.8304278522108328,1,2.1062499999999997
1.0532709785044405,-0.83551557452282,1,2.106666666666667
1.1291552517913488,-1.4272614460451152,1,2.1929166666666666
1.1299329539829626,-1.433087217966743,1,2.1929166666666666
1.2846489989046446,-1.2645068488969347,1,2.2670833333333333
1.137148943513312,-1.4403551745030334,1,2.1929166666666666
2.060223701103018,-0.5546967636644374,1,2.2666666666666666
1.2093823510950221,-0.6700945575367803,1,2.18
2.14613660133921,-0.5107930352627178,1,2.268333333333333
2.268072467552132,-0.3579931342935793,1,2.3354166666666667
2.2131065116919633,0.32238565908849637,0,2.3070833333333334
2.3009294686596595,-0.2710957525392498,0,2.3962499999999998
3.067164315840555,-0.8503932090293767,0,2.2829166666666665
2.9446297218749784,0.46792698603133775,0,2.169166666666667
2.7451907961963005,-0.47781630582907486,0,2.1191666666666666
2.670860951219425,0.10580946369780125,0,2.0329166666666665
2.84787356915863,-0.7923700866622913,1,2.423333333333334
2.253145255400003,-1.2986957499931817,1,2.2466666666666666
2.1384722943341123,-1.7221326531840735,1,2.4720833333333334
0.7683271548005386,-2.4230248518734694,1,2.1575
0.7718907090693375,-2.451098279811073,1,2.1470833333333332
2.519863686558708,-1.6859764421700527,1,2.38875
0.2423101946430121,-2.1970357824777085,1,1.9945833333333336
0.7455925967388429,-2.079247438694675,1,1.8412499999999998
1.404710789522317,-1.9777283564427515,1,1.6975
2.394704968480633,-2.970176545650822,1,2.0145833333333334
1.4291213670793796,-1.719492709191255,1,1.6995833333333332
2.154694428810732,-1.9617815666486593,1,1.8491666666666668
2.6763820911757175,-2.5757921474005725,1,1.985
3.769733537698036,-2.79457148309874,1,2.8074999999999997
4.8089543584371865,-1.0836813075651477,0,2.63
3.4162338394553036,-1.6176306350229226,1,2.518333333333333
1.60697445174338,-2.963418892206091,1,1.95125
1.081233189052624,-2.3118340469522836,1,2.0233333333333334
0.4656432204822676,-2.080637203511409,1,1.8675
1.54341882609467,-2.657115888119749,1,2.1908333333333334
1.6024219755147355,-2.5158720552324567,1,2.2120833333333336
2.169477778361922,-2.8701676734987163,1,2.0887499999999997
2.490797441587811,-1.822389400259792,1,2.5079166666666666
0.5546263306258515,-0.7674408857113761,1,1.90625
0.47104121627968554,-1.4441292661453171,1,1.87625
0.5990576148440043,-2.4125871663853875,1,2.2270833333333333
0.9906110598505854,-1.9350864167695994,1,1.7795833333333333
0.8623399334865398,-2.3983410370785276,1,1.8925
-0.025708885556631037,-2.1209454495086915,1,1.7529166666666667
-0.24390111660198024,-1.727251404855593,1,2.13875
-0.0550641857591794,-0.556517973983289,1,1.9525
-0.4540421475052775,-0.6516969549500237,1,1.87
-1.2389012844838245,-0.5190351116078726,2,1.9208333333333334
-1.1313812288204856,1.3056827181102468,2,2.109166666666667
0.24641593461672326,0.641052580487277,2,2.046666666666667
-1.565840888546565,-0.20693537243786095,2,1.8220833333333335
-1.4682167452596968,-0.34141368723131177,2,1.8495833333333334
-0.8034140529713104,-1.7539370008317396,1,1.8829166666666666
0.3921181893756873,-1.2605078802666527,1,2.0104166666666665
-0.941757516197685,0.04228687540839823,2,2.3000000000000003
-0.42189145928974964,-0.322672097663973,1,2.3720833333333338
-0.9452769750776288,0.07173127635582371,2,2.4841666666666664
0.6582574236665181,0.6715340418488157,1,2.59375
-1.424178961000933,0.5545368138124466,2,1.9270833333333333
-1.8479234333300103,0.23341115715432206,2,1.9937500000000001
-1.9995595128958703,0.15335533123181805,2,2.0275
-2.138415486291564,1.2084823514654395,2,1.87375
-2.5947461073157947,1.1247489846040462,2,1.9604166666666665
-2.1431738927177535,1.2080842044214484,2,1.8720833333333333
-2.4270065331724524,1.5746497218598794,2,1.7008333333333336
-1.8904177279741545,-0.3849042700588268,2,2.1629166666666664
-1.952387490273208,-2.1119552453701345,1,2.2741666666666664
-2.742071401818376,0.1773976786681706,2,1.7304166666666667
-2.380641945471819,0.30304647953021274,2,1.655833333333333
-2.765161125383528,0.09199158904005228,2,2.03
-2.2116654724086513,-0.43459314572725355,2,1.9370833333333335
-2.074412611978475,1.0796991077911817,2,2.1075
-1.43357723407787,1.3945633661321044,2,1.9854166666666668
-1.5202059783972641,2.2035478850659396,2,1.9158333333333335
-0.8857265002984597,2.330908160748678,2,2.0145833333333334
-1.2928196670618533,1.3535984848683733,2,2.0100000000000002
-0.7522653069962953,1.4848787837430277,2,1.9445833333333333
-2.1740951041794783,1.2834349577728992,2,2.216666666666667
-1.567670534564105,1.159842898533457,2,1.812083333333333
-2.005750197897332,1.0591814390438228,2,1.8983333333333334
-1.2820312838521202,0.5804509269705228,2,1.654583333333333
-1.1591053885770524,0.6939857479526542,2,2.00125
-0.9241689621576025,0.0935380276293833,2,1.8345833333333335
-0.14682792140104092,-0.015491279603347986,1,2.01625
-0.10470068448635848,-0.038986824250291124,1,2.0216666666666665
-0.27560188641837396,0.8734529435383915,2,1.8495833333333334
-0.02445833435598856,-0.09516942483768241,1,2.0187500000000003
-0.6292120801279839,1.245894763634286,2,1.6608333333333334
-1.1329058847379965,1.1258505843561653,2,1.7483333333333333
-1.8919461722563384,0.575161338988826,2,1.918333333333333
-1.9711103220151276,0.6502150018307128,2,1.9191666666666667
-1.9075834621802905,0.5598105922130602,2,1.9020833333333333
-2.121860676064133,-0.39972657229252806,2,2.0500000000000003
-1.942720485064238,-0.46163343040986776,2,2.0862499999999997
-2.0348324259363824,1.040957796218449,2,2.098333333333333
-2.0518489428014255,0.9584601635055605,2,1.985
-2.8245262040079497,1.002692036371299,2,2.153333333333333
-3.2195485054500064,1.0989662509643396,2,2.2475
-2.824272236941631,1.0021072369737725,2,2.15375
-2.834064313319204,1.002102116756545,2,2.1483333333333334
-3.204992241815163,1.0826163306727352,2,2.25
-2.826909801996247,1.0077904393854498,2,2.15
-2.8237360689637665,1.0024261616962802,2,2.1491666666666664
-2.8210524466191793,1.0004345915889103,2,2.148333333333333
-2.821916546284032,0.9997725547019344,2,2.1491666666666664
-2.6091070412324893,0.4094405795769031,2,1.9799999999999998
-3.042984287192616,0.45305110980586605,2,2.063333333333333
-2.593417482898211,0.4076436775923192,2,1.9804166666666667
-2.9783126144915606,0.4926700185789128,2,2.078333333333333
-2.5909633935327725,0.3986283297495659,2,1.9804166666666667
-2.5236760623217336,0.2726971854997604,2,1.9870833333333333
-2.8423290968406434,0.38640829717021496,2,2.1020833333333333
-2.418217361650754,0.2855943994797263,2,2.00375
-2.7997103725955297,0.3599642132007528,2,2.1041666666666665
-2.6742458354505714,0.8957581406337939,2,2.1374999999999997
-2.3648199413868665,0.16073524514671364,2,1.9766666666666666
-2.551145700681336,0.09050783000156065,2,2.028333333333333
-3.0563692834360454,-0.06897108914931878,2,2.122916666666667
-2.7776072046610842,0.019129750462102038,2,2.0866666666666664
-2.5276285438647697,-0.6138784296181561,2,1.9129166666666666
-2.151394639828711,-0.009944815740030057,2,1.9820833333333334
-2.621239006004387,-0.13442487381351376,2,2.07875
-2.492612312227832,0.06865729920550688,2,2.12625
-2.494269902107153,0.33911329703904375,2,2.0120833333333334
-2.5761288652141774,-0.2030055023105198,2,2.0895833333333336
-2.370286904860179,-0.021476751914852932,2,2.1358333333333337
-2.453553487723475,-0.6900523858435176,2,2.155
-2.5567194669741786,-0.44452840100201063,2,2.1216666666666666
-2.5595578133561467,-0.8125446596989788,2,2.19125
-2.59913333266451,-0.8960012721533037,2,2.204166666666667
-2.5553956699618814,-0.8985380158988382,2,2.2104166666666667
-1.6672590310515558,-1.0861583843049047,2,2.3683333333333336
-2.5030677284273595,-0.9813970340775592,2,2.2108333333333334
-1.6989382661864472,-2.3649969585671857,1,2.1325
-1.8899461296613738,-1.3954221489319951,2,1.9725000000000001
-1.784900225669256,-0.6333706997993419,2,2.06625
-2.1166173568837503,-1.0254869428035438,2,2.1616666666666666
-2.1381709375037405,-1.6365916749856189,2,1.9937500000000001
-2.114836348204635,-1.661525774044946,2,1.9954166666666666
-1.9618902367795434,-1.6473801937473034,2,1.9870833333333333
-1.977619331174452,-1.6898145587877418,2,1.9741666666666664
-1.314043920671363,-1.2781476466419661,1,2.1970833333333335
-1.9847622611402773,-2.3252475594798505,1,2.0987500000000003
-1.681870034082106,-1.8037959392561482,1,2.030416666666667
-1.9276801580738911,-1.1817655159856277,2,2.20375
-1.9230674127776668,-1.1842416867868932,2,2.202916666666667
-1.9189855382088155,-1.1860171209219883,2,2.202916666666667
-1.9306264511281126,-1.1879281063270224,2,2.204166666666667
-1.920281378669031,-1.1866617761411398,2,2.202083333333334
-2.052827257208878,-1.271053318023232,2,2.235416666666667
-2.097325271698049,-1.5669099969284788,2,1.9245833333333333
-2.0863723999006587,-1.4667890374510233,2,1.8391666666666666
-2.260855155037302,-0.9630362169084951,2,2.029166666666667
-2.0377881204847625,-1.5693509152229959,2,1.8629166666666668
-2.064080639613773,-1.567549404638793,2,1.8479166666666667
-1.9050478283847696,-2.1581428974998498,1,1.9875
-2.0517133201711384,-2.210507462275842,1,1.9620833333333334
-2.0559833476023024,-2.2075756493417096,1,1.9616666666666667
-1.8835199345417661,-2.29446850335083,1,2.00375
-1.934545422243959,-1.9376118956543436,1,1.919583333333333
-1.9486356439549535,-1.945082835698266,1,1.9158333333333333
-1.9429615003087275,-1.946446439318059,1,1.9195833333333334
-2.996281606358208,-1.1212859739783383,2,1.9445833333333333
-2.5893631791032767,-0.9600681463596609,2,1.8283333333333334
-2.7104209549105125,-1.4319486753138992,2,1.9041666666666668
-1.9655224346695195,-1.3478407523020683,2,1.7954166666666664
-1.910848393204348,-1.821879308484162,1,1.8608333333333331
-1.8472476937762996,-0.8756876506528335,2,1.7158333333333333
-2.1752560913070487,-0.9308559406428072,2,1.7675
-2.934975079864599,-0.4593573541167979,2,1.825
-2.47500458203455,-0.18487281224196614,2,1.7779166666666668
-1.5011368376611478,-0.7390530284448829,2,1.95375
-1.500099066602768,-0.31999963443445556,2,1.9141666666666666
-2.5427619046935974,-0.27061805597084526,2,1.8412499999999998
-2.7404512412188993,-0.31370036224691844,2,1.750416666666667
-2.6508297365568336,-0.311984633339328,2,1.6512499999999999
-2.7995871753994197,-0.3692846519419529,2,1.6758333333333333
-2.37742501581077,-0.18078607220954268,2,1.6029166666666665
-2.643146983362773,-0.3026197149006315,2,1.6479166666666665
-2.66403376551742,-0.2673609284593597,2,1.64
-2.662141820238243,-0.2689093685068324,2,1.64125
-2.6640017096103947,-0.26735348952714466,2,1.64
-2.659071161290739,-0.2674870014206998,2,1.64125
-2.6288403433149807,-0.30568765442356965,2,1.64875
-2.651888966779064,-0.27082399331383944,2,1.64125
-1.7918889697281055,-0.547060773465627,2,1.8479166666666667
-2.3066497889219564,-0.18721763247447792,2,1.6158333333333335
-1.2553156236758016,-1.2332655833855195,1,1.9304166666666667
-1.9625693334045797,-1.274252647171205,2,1.9983333333333333
-1.725889403715508,-0.5183131230300325,2,1.8533333333333335
-1.673950038870124,-0.31804693729123495,2,1.8970833333333335
-1.6707958858673566,-1.1715427612487048,2,2.0608333333333335
-1.5528360249959523,-1.025334581161067,2,2.080833333333333
-2.9516041331063274,0.7085502371697728,2,1.8895833333333332
-2.501825767568383,0.15059686978004974,2,1.6716666666666669
-2.6004651327255957,1.1799572289723654,2,1.9879166666666663
-2.8734066270827703,0.8095393208807385,2,1.844166666666667
-2.8657247369532985,0.7840100304858292,2,1.8425
-2.5018127729354593,0.2180451900097796,2,1.6995833333333332
-3.084291923738978,-0.09923760002964854,2,1.9408333333333332
-2.4221481442822,-0.5159080255865068,2,2.2579166666666666
-2.970043554458989,-0.3494581745367644,2,2.1216666666666666
-2.403635117269989,-0.4110730363478766,2,2.2433333333333336
-3.238122092620341,-0.23482925802150145,2,2.06125
-2.49722536224516,0.23684034250735544,2,2.3166666666666664
-3.483763467439298,0.5563639218743234,2,2.1300000000000003
-3.493075383118325,0.6317862997224972,2,2.1220833333333333
-3.168930283068127,0.06946468489089512,2,1.9625000000000001
-3.2062472521411833,0.7245234079293025,2,1.9354166666666668
-3.1749871890097205,0.7455459375280441,2,1.9400000000000002
-3.170409867437345,0.9548993163577212,2,1.9216666666666666
-1.9250759384980654,0.8839437666020942,2,2.0316666666666667
-2.146143788199828,1.3817064749173973,2,2.1495833333333336
-2.009291337559097,1.3162433686550339,2,2.0837499999999998
-2.931381720079052,1.6058143639995022,2,1.9533333333333331
-2.153830344092997,1.3528269638398265,2,2.135833333333333
-2.8149254367289798,1.689593002133377,2,1.9875
-2.461518534088667,1.2340162005677078,2,1.8470833333333332
-2.8247979037294986,1.7269176478253958,2,1.9604166666666665
-2.455464636426835,1.2532118284698104,2,2.2666666666666666
-2.9668370559809016,1.6866534465590384,2,2.032083333333333
-2.4715549902463825,1.2017999437854516,2,2.325833333333333
-2.5057751013551894,-0.3538126652035516,2,2.5845833333333332
-3.2673633794008863,1.497634134655663,2,2.4441666666666664
-3.6666583161045763,1.0869911781215906,2,2.455833333333333
-3.3074623195007318,0.6342019055962348,2,2.327916666666667
-2.698689235901808,0.5302204175807536,2,2.3029166666666665
-2.4955460626084256,0.8097996963707798,2,2.109583333333333
-0.877159891654678,0.25110117729538933,2,2.4629166666666666
-2.0956669764639746,0.9248610177477388,2,2.0404166666666668
-1.1586750296844948,-0.891490435986732,2,2.49375
-1.119127481504049,1.0766505874729722,2,2.28125
-2.329857985645297,1.0639722082207734,2,2.453333333333333
-1.174784924247296,0.2774385418378531,2,2.4754166666666664
-0.9455224246700769,-0.22160099022000984,2,2.3433333333333337
-1.5155587681481286,0.3629252175302472,2,2.3979166666666667
-1.690863530137073,-0.24984389078116026,2,2.2179166666666665
-0.822145069220566,-0.36123258366139155,2,2.3179166666666666
-1.460494357908718,-0.20938814599106664,2,2.186666666666667
-1.209171813104318,-0.49124828551420036,2,2.5941666666666667
-0.6572799762844997,-0.4026313833494311,2,2.48875
0.889383595439356,-1.3166976344711447,1,2.3975
0.07838544585723761,-0.5751561930783486,1,2.4516666666666667
-0.18482703021784513,-0.5488889894635105,1,2.4204166666666667
1.6351091932319537,-1.935137659196821,1,2.24125
0.8532816157825648,-1.1878995960390581,1,2.0095833333333335
0.6891865298038008,-1.219017251873382,1,2.0570833333333334
-0.029881249796026348,-1.052706947985293,1,2.25125
-0.49904644641070606,-0.3856366634294947,1,2.09
-0.8699033887557194,-0.7943600845386021,1,2.075833333333333
-0.7419197778768457,-0.3416198495091041,2,2.1175
-0.769355198973767,-0.7369829033566769,1,2.2154166666666666
-0.5673936760510216,-0.8248560132417365,1,2.1770833333333335
-0.8902074824175441,-0.6539902529325905,2,2.297916666666667
-1.0898912731559849,-0.028945753578529878,2,2.129583333333333
-1.051832571336637,-0.27764691922246293,2,2.16375
-1.5874597189512747,-0.3879434465364395,2,2.4491666666666667
-1.2964580109216621,-0.31851919985537575,2,2.143333333333333
-1.5424044392953034,-0.7358100146990727,2,2.299166666666667
-1.5191172439243685,0.590438983985045,2,2.283333333333333
-1.2638094570563738,0.09580168716049033,2,2.3675
-1.3061423928284,1.0930773777007874,2,2.127083333333333
-1.3697085530376818,0.9473269580651699,2,2.325416666666667
-1.0027873359898138,1.1508635491920332,2,2.0379166666666664
-0.6343981150319666,0.3303221133166547,2,2.107083333333333
-1.059808796669886,0.49093193574731997,2,2.15625
-0.3478246489732208,-0.0926673630654684,2,2.3375
-0.27790387603968153,0.17447086175160392,2,2.3591666666666664
0.489044618467232,0.43755370303491453,1,2.6179166666666664
0.6311425285735222,-0.8385370787274735,1,2.5487499999999996
0.831341939570865,-0.6833993592760561,1,2.5516666666666667
-0.7691968481189935,0.06206223034098434,2,2.205
0.07244323405848432,-0.6212894688345778,1,2.396666666666667
0.03271267708403739,0.1033597990516581,1,2.4912500000000004
0.5428783216962975,-0.46440307734005554,1,2.3699999999999997
1.0849879883564362,-1.260126464238749,1,2.434583333333333
0.20930089184042036,-1.0273090534021205,1,2.0608333333333335
2.1593126002197067,-1.3702631088803883,1,2.534166666666667
0.9786288870189808,-1.242477136842523,1,2.17375
1.807936401447938,-1.9040119120898793,1,2.4754166666666664
2.005877365916878,-2.209022403471161,1,2.465
1.6392930548471534,-1.8952492383985584,1,2.36875
1.695987820963676,-1.4470281074094453,1,2.1708333333333334
2.046552820124119,-1.824829178110136,1,2.2095833333333332
1.9348200300822798,-2.696152133160016,1,2.3775
2.1197996157261327,-2.7963602730280233,1,2.3541666666666665
2.2204501649916217,-2.518394947210041,1,2.325416666666667
2.005548418852025,-2.468362721811685,1,2.2429166666666664
2.691603812821341,-3.0860800277316605,1,2.5574999999999997
2.425814873680647,-2.5049550987822853,1,2.3970833333333332
1.5029707165867847,-1.5016213722913516,1,2.1875
1.5702227927571615,-1.5629437746782093,1,2.1675
1.6089124835932385,-1.4879951981331412,1,2.20625
1.3594682486430436,-0.9432690078483983,1,2.1720833333333336
1.023719184326005,-1.245929843451148,1,2.27875
2.551235094895326,-2.3038324037525864,1,2.3004166666666666
2.8267303615194983,-0.9094408636825025,1,2.2575000000000003
2.4026509645602143,-2.0104633836598653,1,2.50125
1.5143917032022305,-1.1766891786209293,1,2.0629166666666667
1.4530937759616678,-1.2980646490395602,1,2.6375
1.3068623780255286,-0.8068813744828632,1,2.139583333333333
1.5114689769307532,-1.772058563145518,1,2.2516666666666665
0.4577048750406825,-0.7506813421843487,1,2.360416666666667
1.7299548165458027,-1.0832058976596253,1,2.2125
0.0007412237897008374,-0.9902002862508295,1,1.8829166666666666
0.7258196580969949,-1.0059483996574177,1,2.0770833333333334
0.6486848832104366,-1.7250192453237208,1,2.1795833333333334
0.7585715199662295,-0.42636519754348506,1,1.9025
0.4801868891933903,-0.5763518029836007,1,2.1454166666666663
-0.09693677741978189,-0.454612637070331,1,2.3354166666666667
-0.04356933599296632,-0.33859930182164555,1,2.2916666666666665
-0.4313976720695689,-1.357294448375593,1,2.3908333333333336
0.15774821150713583,-0.7412932524959008,1,2.20125
-1.214307916047229,-0.8246666585880186,2,2.2258333333333336
-1.2198842892708002,-1.0057826977424604,2,2.16375
-1.5748932569917562,-0.7339070517240954,2,2.2666666666666666
-0.3848725760399116,-0.7546725111863098,1,2.4949999999999997
-0.7560200298057909,-0.5940432828342629,1,2.4745833333333334
-1.2973279986848552,0.6715216512239076,2,2.3658333333333332
-1.4309903029127036,0.7450174264929162,2,2.3520833333333333
-1.6019673618654862,0.6864728065425604,2,2.3725
-0.6245912688711889,0.5496433621535785,2,2.533333333333333
0.718059154064277,0.1314713405451701,1,2.5954166666666665
-0.3767973368109969,0.49876411818794836,2,2.5216666666666665
-1.255816956232072,1.0602924922281645,2,2.1670833333333337
-1.7170870470852553,0.08866076970814583,2,2.43625
-1.6491610961057603,0.8796943584037609,2,2.18125
-2.03583056151211,0.6588157831951537,2,2.2491666666666665
-1.3898982917807574,0.4562052581003171,2,2.3325
0.06066714649395756,0.24878828896684121,1,2.38875
-0.8725839551461959,0.561060998194155,2,2.355833333333333
0.717707943667497,0.27192401587295123,1,2.43875
-1.0343779626149094,0.6705734537099817,2,2.0504166666666666
-0.5245613299704623,0.46291372381313,2,2.1766666666666667
-1.0442137260357833,0.3464189544164876,2,2.27875
-1.1500297822092729,0.48811215962533683,2,2.3329166666666667
-1.1864574703985264,0.802839616315465,2,2.40375
-1.682436100817045,0.12058714354790213,2,2.2416666666666667
-1.4130301046473341,-0.25515559796500226,2,2.365
-1.4254282928923507,0.23930229784589332,2,2.3120833333333333
-0.7840507421457764,-0.02630316460960261,2,2.231666666666667
-1.1523472538928836,0.38184518953409813,2,2.05875
-0.9060847940622868,-0.2642010314050774,2,2.19125
-0.8206557130559915,-0.1612932596523696,2,2.2416666666666667
-1.0737112236584005,-0.44959344629522563,2,2.24125
-1.0431906627062648,-0.46257315418199807,2,2.2416666666666667
-1.007618113717131,-0.4811677838636329,2,2.240416666666667
-0.33145451663022096,0.0573006076920124,2,2.3754166666666667
-0.7590079967150887,-0.3784867695772151,2,2.1766666666666663
-1.3338433954264572,-0.6946857254364637,2,2.3125
-0.26355635340784594,0.24008702629045248,2,1.9429166666666664
-1.3425043106754246,-0.9404981853510971,2,2.390833333333333
-0.6098147402585071,0.014233122166814565,2,2.1774999999999998
-1.5746728186303092,-0.9258029620333827,2,2.3341666666666665
-0.9982375387265169,-0.1910847705913505,2,2.0987500000000003
-0.7552824919799127,-0.2505328748269251,2,2.19
0.2505936509747527,-0.19637173792622065,1,2.115
0.18287751661252757,-0.2950355224132089,1,2.0908333333333338
-0.14766235859761756,-1.9509297649115966,1,2.285416666666667
0.05348442985145167,-2.0081787889808314,1,2.315
0.058494386423285596,-2.0645580366446095,1,2.3033333333333332
-0.027849395627306817,-2.1042659633598784,1,2.3245833333333334
0.043692028739376595,-1.2681115743225175,1,2.1875
0.08675858213988469,-1.3317218490027078,1,2.1774999999999998
-0.29308538785567906,-1.6490776675911452,1,2.3216666666666668
-0.31875979212748334,-1.2326984472756428,1,2.24875
0.3007167375267434,-0.8357087949277323,1,2.0729166666666665
0.9197879270981518,-1.110689709205043,1,1.8687500000000001
0.5678971237944336,-1.2370510948064923,1,1.9154166666666665
0.5262035275335889,-1.6202488239362924,1,1.8254166666666667
0.6967342358532381,-1.6996785557310692,1,1.9275000000000002
0.7872848782264199,-1.7311198472166438,1,1.9341666666666668
0.7570683425932779,-2.2799943137557364,1,1.9875
1.3905643691994425,-2.193570354378233,1,1.8141666666666667
-0.15107724452167515,-2.3751912510797997,1,2.035833333333333
-0.20667650839855956,-2.2065117626017527,1,2.0850000000000004
-0.38167766552472115,-2.111543133817146,1,2.0841666666666665
-1.0974491925714682,-0.9198800721429307,1,2.0483333333333333
-0.7052013701519501,-1.4482006180932252,1,1.9645833333333336
-0.7251114616527774,-1.1494548536681668,1,1.8579166666666669
-0.19318729783824065,-1.576434083215892,1,1.7750000000000001
-1.0199943195837482,-1.7158662908150561,1,1.8945833333333333
-0.3609339928791421,-1.7358099442971948,1,1.7841666666666667
-0.3524681611674205,-1.735745352787661,1,1.7858333333333334
-0.2692121368486574,-1.5577888723588116,1,1.7804166666666668
0.17409176345816144,-1.841981991542372,1,1.960416666666667
-0.5324534569297755,-1.186419259453096,1,1.6912500000000001
-0.152309791391311,-1.8746637370779777,1,1.8820833333333333
-0.020450743808736134,-1.8903356164750205,1,1.9133333333333333
-0.45021987774632977,-1.2855583960544006,1,2.015
-0.02101906115252747,-2.260486971773967,1,1.7733333333333334
-0.010129112206004787,-2.243602261088339,1,1.7729166666666665
0.4274700754224033,-1.7585894377037423,1,1.9779166666666665
0.2383085463069365,-2.565236914572269,1,2.1062499999999997
-0.6626475642954583,-3.043393497058105,1,2.1095833333333336
-0.7978824954731377,-3.4865926724915095,1,2.2441666666666666
-0.793709454923577,-3.490237545885415,1,2.2441666666666666
-0.46961607677812006,-3.154906752621485,1,2.3770833333333337
-0.35828313661899797,-3.0731743989885216,1,2.4358333333333335
-0.6607997696570954,-3.090491908513991,1,2.3858333333333337
-0.6720082382797793,-3.087026258465346,1,2.3866666666666667
-1.0950502125581052,-3.5942294826642867,1,2.1779166666666665
-0.3892474765655652,-3.4685384086155864,1,2.0437499999999997
-0.33262704975388346,-3.484302473133669,1,2.0454166666666667
-0.5561986839593037,-3.757103829816225,1,2.169166666666667
-0.45333367419509335,-3.526604711441644,1,2.266666666666667
-0.8702471174942912,-3.607569956178962,1,2.089166666666667
-0.827582578108985,-3.6139749004060233,1,2.097916666666667
-0.6943693756811569,-3.6159729919876464,1,2.080833333333333
-0.9095260060528846,-3.4223218858506366,1,2.464166666666667
-1.8197433009789763,-3.689197011095169,1,2.21625
-1.3831287319118406,-3.448452320734928,1,2.2408333333333332
-2.0238414732031926,-2.2121674077306315,1,1.8029166666666667
-1.2643246959970953,-2.871849249127705,1,2.1833333333333336
-1.5195525469903677,-2.520824025123162,1,2.1774999999999998
-1.7346752453301553,-2.615672797526446,1,2.1245833333333333
-2.503209948864417,-2.9708976698172664,1,2.2558333333333334
-1.8156874686682762,-3.188783950771261,1,2.420416666666666
-2.499285423913157,-2.9710463400111293,1,2.2558333333333334
-2.368643637979355,-3.011376560442514,1,2.2875
-3.0684968500309404,-3.1397945605808997,1,2.4204166666666667
-2.194482032999332,-3.3743351408540905,1,2.4183333333333334
-2.5010160516479547,-2.970495105553509,1,2.2554166666666666
-1.7346752453301553,-2.615672797526446,1,2.1245833333333333
-1.2059652468232178,-2.7881727944787342,1,2.2566666666666664
-1.7618655551882885,-2.4018756150149563,1,2.0920833333333335
-1.7570621828874802,-2.406414760853197,1,2.0925
-2.5375251301037665,-2.645528266212373,1,2.18125
-1.157623822413488,-2.825558365061008,1,2.48625
-1.3662378268190796,-2.4915566309663766,1,2.3675
-1.5312657388564104,-2.2942081968746217,1,2.2829166666666665
-1.7675512109074505,-2.6013910562846423,1,2.4495833333333334
-1.5187722654243032,-3.407827221171298,1,2.2179166666666665
-0.53521671248373,-3.629192578628878,1,2.2841666666666667
0.3391510361828244,-3.10339482811637,1,2.3504166666666664
-0.7663267708406563,-2.826963291114603,1,2.05125
-0.5185469345819812,-1.4354270699483853,1,2.1395833333333334
-1.368136461207837,-2.496384835016367,1,2.115
-1.3666141844124253,-3.2462089027469743,1,2.3045833333333334
-0.9837260495811277,-2.853055927972267,1,2.1795833333333334
-1.469909929569997,-2.7257350172158765,1,2.3108333333333335
-0.9320418960988534,-3.002471656206185,1,2.1670833333333333
-1.0168027081280555,-2.27106950177569,1,2.033333333333333
-1.163558762217947,-3.30551164493242,1,2.0608333333333335
-1.1559827618553866,-3.1095563859990136,1,2.0383333333333336
-1.1528724209922616,-3.1375441224408664,1,2.0295833333333335
-1.1441165836313452,-3.1446213066224247,1,2.024583333333333
-1.0299399673381946,-2.7595717283871863,1,1.96
-1.5539529513592714,-2.827260543541447,1,2.129583333333333
-1.5400488996034598,-2.8553983575285713,1,2.1300000000000003
-1.2471192177531776,-2.5706707739336925,1,2.049583333333333
-1.9937502782670986,-2.85808494404634,1,2.1866666666666665
-0.47481691266293896,-2.81555474582615,1,2.2416666666666667
-0.022318595468562873,-3.511363616207994,1,2.2079166666666667
-0.037761962760877094,-3.3533572803402554,1,2.1766666666666663
0.3792625571559704,-2.569568456438138,1,1.9141666666666666
0.14990331331668227,-2.7060781936963383,1,1.8829166666666666
-0.39103449216788105,-2.251412474059842,1,1.9829166666666669
-0.1697358859160521,-2.032645357724618,1,1.7845833333333332
0.9486208306085598,-1.730118264022129,1,1.7120833333333334
0.8554738718724183,-1.917122306881728,1,1.6875
-0.007205784426249352,-1.2479688292505822,1,1.6941666666666666
0.8911660200579958,-1.9402247927719025,1,1.6879166666666665
0.3305281654586122,-1.8198812403003852,1,1.8633333333333333
0.515905545932542,-2.075450313241743,1,1.9445833333333333
1.193544710531771,-2.451046503109064,1,1.8666666666666665
1.2089628404631565,-1.9039445802344026,1,1.8145833333333332
1.2129607119370818,-2.312587226594287,1,1.862916666666667
1.3723985228101547,-1.206597332940257,1,1.71
0.7843214441403331,-1.2793910943537876,1,1.846666666666667
1.281783605449017,-1.48607288416773,1,1.96875
0.6139018830029377,-1.4301365623815396,1,1.8483333333333334
0.3363995680084138,-1.5569623128598682,1,1.8941666666666668
0.9445372935500839,-1.2576578088771344,1,1.9045833333333333
1.4868539953361741,-2.1095623391385625,1,2.172083333333333
0.9855847579096932,-1.6085175919673884,1,2.0679166666666666
0.20725142110097186,-1.3943074289350423,1,1.9066666666666665
0.1208898579129067,-0.9173482523475935,1,2.3095833333333338
-0.641633619804089,-0.6850294596676878,1,2.1245833333333333
-1.4339192515117785,-0.47304708938586837,2,1.96125
-1.2234637952648248,0.4090632614053291,2,1.9833333333333334
-0.3406310791115413,-0.23138849293949704,1,1.71875
-0.4127087536317484,0.4526074870454014,2,1.6170833333333334
-0.6458184368993293,0.8212955030171408,2,1.92375
-0.6926246836060437,0.1615944752279578,2,2.0241666666666664
-0.04600171700796943,1.2193782102544604,2,1.8704166666666666
0.040168062336581475,-0.27110411622170116,1,1.9599999999999997
-0.37933703256961615,0.39336171535775755,2,2.0966666666666667
-0.5843958528121548,1.2176734716354245,2,2.0079166666666666
-0.09271726892852905,-0.8285819214992903,1,2.0520833333333335
-0.433648496740355,-0.8683551468918759,1,2.265416666666667
1.2158622078486143,-1.9451635249473433,1,1.7541666666666664
0.6648053813395377,-2.2597862442884806,1,1.8929166666666666
0.8292896010473563,-1.4213825076758564,1,1.905833333333333
1.8163513833888434,-2.2088708075962873,1,2.2083333333333335
0.41779517894807355,-1.1783865244199954,1,2.0366666666666666
0.7342402667538256,-0.6043190508551549,1,1.7787499999999998
1.1452076954156312,-0.06181688495872036,1,2.0920833333333335
1.5376100764090022,-0.9624695321695336,1,2.234583333333333
0.6087888136005082,-0.8018513931784309,1,2.0554166666666664
0.062098584642158866,-0.6913923484348137,1,2.1979166666666665
0.6665156263822782,-0.8343780276413588,1,2.0516666666666667
0.40686212498904534,-0.6071059130451677,1,1.7491666666666668
0.4401907931998716,-1.7628597256777963,1,2.06125
0.46321736120936213,-1.7753031920734634,1,2.06125
-0.029373805016883754,-1.7421238604639304,1,2.171666666666667
-0.17469447853434455,-1.9874291594364706,1,1.9233333333333336
-0.6506280799463707,-1.591357814404783,1,2.0316666666666667
-0.17500766456314468,-1.987578722246831,1,1.9229166666666668
-0.17399514698841365,-1.9886878989157042,1,1.9225
0.5816944623805889,-1.3718896338834305,1,1.7570833333333333
-0.26333041630499493,-0.5987000615037225,1,2.0120833333333334
-0.03446047848754436,-1.4927394250510806,1,2.032083333333333
2.376103412902472,-1.3599975681188883,1,2.20875
2.1736497779156667,-2.61788995300961,1,2.18625
1.317475185585527,-2.374246469641522,1,2.0116666666666667
0.5570659837198131,-1.3059080678354433,1,2.3470833333333334
-0.3995499844091008,-0.8139792626462222,1,1.9204166666666669
1.4249457145268494,-0.84953446417848,1,1.8712499999999999
1.1595882469412147,0.4261323149538152,1,1.8987499999999997
-0.011465892644362046,-0.28990774017281806,1,1.8658333333333335
-1.9458294016171267,-0.08531999706521845,2,2.28
-0.379871378813023,0.958524584547863,2,1.9370833333333335
-1.0516976122038137,1.5239539276929703,2,1.9779166666666665
-0.9400194149677337,0.2539621089243919,2,2.1979166666666665
-0.39459165263270196,-0.2775893826239891,1,2.0654166666666662
-0.4986335580838294,-0.296186805060943,2,2.0554166666666664
-0.062049177895392216,-0.7996087925917836,1,1.8770833333333332
-0.9527950885022364,0.24230938839861815,2,2.1983333333333337
-0.5986027197706918,-0.2067694792053629,2,2.0124999999999997
-1.492038666306258,-0.4063575274170961,2,2.2283333333333335
-0.16063292413001176,-0.41377732070885886,1,2.3470833333333334
-1.57885037110495,-0.18746042745715502,2,2.1750000000000003
-1.7442828626666436,-0.3185173659145132,2,2.1433333333333335
-1.7999875962181655,-0.39294966023426314,2,2.179583333333333
-2.7955073590523916,-0.7416693129538066,2,2.1675
-2.168676002238744,0.7428035386648192,2,2.2441666666666666
-2.3246934740131513,-0.011383205986822166,2,2.1841666666666666
-1.586066286291119,0.5264206025922458,2,2.0795833333333333
-1.645406384661279,0.5483565860886891,2,2.0679166666666666
-1.7330060236901283,0.9297761230425742,2,2.0325
-1.95957407400211,1.050365453689753,2,2.1429166666666664
-1.9559425695408215,1.1196976435567152,2,2.1291666666666664
-2.7127242126887903,0.9688428246816941,2,2.2754166666666666
-2.4441955298547917,0.5657054127081699,2,2.1774999999999998
-2.301151038197843,0.3225135388787785,2,2.23
-2.587541613352064,0.7910646002610795,2,2.308333333333333
-2.6215421837705293,0.9028589958719636,2,2.285416666666667
-1.8395097284577355,1.0313418843090665,2,2.140833333333333
-1.416952340291806,0.466291707144942,2,2.339583333333333
-1.1927640830132202,0.23589889122731894,2,2.2133333333333334
-2.344161656745125,0.22494657297422374,2,2.194166666666667
-2.295465405863114,0.4438846742961456,2,2.1933333333333334
-2.0696872802898505,0.2976281347702575,2,2.2637500000000004
-1.865413571846662,0.7948476881485191,2,2.077083333333334
-1.9054960598350583,0.1540487899448941,2,2.18375
-2.0277618239746817,-0.10098123868606335,2,2.2829166666666665
-1.9897387767916241,-0.12220582530577231,2,2.2845833333333334
-1.9652740097442294,-0.1640096048879159,2,2.2845833333333334
-1.9247884914863471,-0.16464881257484457,2,2.289166666666667
-2.951496052477921,0.055499337910641544,2,2.545
-3.0266867727723783,0.1357026552611949,2,2.4949999999999997
-2.446468778509044,-0.6793829337488363,2,2.558333333333333
-2.058179422816749,-0.5297786392399718,2,2.4766666666666666
-1.100200801105065,0.5193118784013894,2,2.2379166666666666
-1.0535287109315759,0.5274338262540372,2,2.235
-1.010619984771956,0.4978659769994759,2,2.2383333333333333
-0.9710178818159786,0.4756919925356621,2,2.24
-0.846569770670329,0.27887076983933295,2,2.263333333333333
-1.906008323825228,0.10201465929903357,2,2.355
-0.9140334714642749,0.5287521526821166,2,2.1925000000000003
-1.638313391490814,-0.5520657734620733,2,2.1808333333333336
-1.5848351062073156,-0.6098311174390939,2,2.19375
-0.6022846238485294,-0.15367026708872797,2,2.0141666666666667
-1.5179699218281026,-0.666775413807598,2,2.19625
-1.3197913000023034,-0.39591915983370185,2,2.1504166666666666
-0.292899125525463,0.1009756364854242,2,1.9937499999999997
-0.37650011453058413,-0.3627553577972432,1,2.0666666666666664
-1.8316775102043747,0.17765566450650844,2,2.34125
-2.471056640246352,0.22778384647631486,2,2.4675
-2.5957003577778037,0.43410694478369016,2,2.4204166666666667
-2.1727516709054875,-0.23540779272032286,2,2.2470833333333333
-2.173943467961391,-0.23387688543752966,2,2.2483333333333335
-1.8204807150459295,-0.971362442261586,2,2.0833333333333335
-1.809110520551881,-0.9950527478870981,2,2.09125
-1.5655444703856924,-1.6487324281224425,1,1.9120833333333334
-1.9592780260855471,-1.8139095429218997,1,2.22625
-2.1393266427766355,-0.9582852301806195,2,2.435416666666667
-1.7321493193506647,-0.5587736591436536,2,2.1979166666666665
-1.1956621604714985,-0.12831751250944065,2,2.2341666666666664
-1.8908721128644825,-0.8572900870146293,2,2.0745833333333334
-2.3398412174108283,-0.11327306988684963,2,2.2045833333333333
-2.3256701842749536,-0.2748679981872329,2,2.2266666666666666
-1.951638881716475,-1.0485031987633093,2,2.0554166666666664
-1.7967593825761512,-0.93428966752334,2,2.0945833333333335
-1.6873800979871036,-0.8145861016703615,2,2.129583333333333
-0.8511448156169258,-0.2958158478630721,2,1.92375
-2.527452969027719,0.5163319009894933,2,2.3058333333333336
-1.326034480550606,-0.9006790809867712,2,1.9329166666666666
-1.2896762199533716,-0.3832073228837552,2,2.23625
-1.5281428316208,-0.15366869903804142,2,2.1129166666666666
-2.831209780624018,-0.058576575304968306,2,2.03875
-2.4548585014962896,0.6569939449863201,2,2.163333333333333
-1.230067713262059,-0.22353344702623057,2,2.0308333333333333
-1.445315790512637,0.13735315119063526,2,2.0883333333333334
-1.6006144402615679,0.5107801659630987,2,2.137916666666667
-2.054352129745042,0.14487320049720648,2,2.2375
-1.8387124446312078,-0.4256829380478888,2,2.069583333333333
-2.1214631330369453,-0.2962557498275628,2,2.1058333333333334
-2.080304388733022,-0.5237672044590616,2,1.9454166666666668
-2.2414500755842197,-0.6947627510253825,2,1.9204166666666669
-2.6235115173657464,-0.3559061083059712,2,2.2358333333333333
-0.8741387683356354,0.5106986168108091,2,2.3558333333333334
-1.6881585751648565,-0.5385165459804006,2,1.8220833333333333
-1.592530654684079,0.7642497231835881,2,1.8591666666666666
-2.085620535381888,1.5040426488779257,2,1.9891666666666667
-1.8237750754043236,1.000126888932077,2,1.825
-2.119379324678357,2.465333970538076,2,2.35
-1.572613699251797,2.238737031564134,2,2.11375
-2.398245186328079,2.777632182227954,2,2.1304166666666666
-3.1436276707599764,0.7823242835758512,2,1.8654166666666665
-2.500080431201496,2.608789210798926,2,2.2779166666666666
-1.7706679993476675,2.4709047229747116,2,1.77375
-1.859584574613002,2.47610352445111,2,1.7391666666666665
-1.877012049893489,3.576319888335069,2,1.8908333333333331
-2.26246182430904,4.489077891585976,2,2.089583333333333
-2.210494721321544,4.49512384231398,2,2.0537500000000004
-2.36334989131026,3.971880381025468,2,1.9874999999999998
-2.918278424097138,2.8860888305986325,2,2.19125
-2.514312969516461,4.62914689349269,2,2.1554166666666665
-2.4095379880265497,4.619400183045931,2,2.17125
-2.3529889614823927,4.518879457059421,2,2.17875
-2.3776656007544106,4.525274609275091,2,2.174583333333333
-2.2938463517240772,4.039351933533058,2,1.99125
-2.4166134834911053,4.572926707145733,2,2.1774999999999998
-2.502542130515639,4.628534799966662,2,2.1595833333333334
-2.406349359842574,4.614471408383762,2,2.170833333333333
-2.5506458311881235,4.575800518816784,2,2.160833333333333
-2.5907018747309745,4.499977137606389,2,2.1341666666666668
-2.5165210687452233,4.571626711711589,2,2.155
-2.5224423093537656,4.555552643498585,2,2.1558333333333333
-2.303359904204001,3.934938079092262,2,1.9770833333333335
-1.1478758323733627,3.7611862474355426,2,2.1420833333333333
-1.9462761509932864,3.8800739165644664,2,2.0466666666666664
-1.7954145340689667,3.882776475731753,2,2.0245833333333336
-2.140096353470137,2.9498708507418083,2,1.9045833333333333
-2.147529821468362,2.934022600365527,2,1.9029166666666668
-1.5968097887208672,3.3249976582956084,2,1.9454166666666666
-1.6698052616701122,3.375229637932088,2,1.9833333333333332
-0.6568581841979351,3.8580716295182667,2,2.0208333333333335
-1.5364081269025474,4.339400576044634,2,2.3033333333333332
-2.4223657578931346,3.996780375612802,2,2.17
-1.5856650714574239,4.343604312764511,2,2.305
-2.1278111800883996,3.5974468509146846,2,2.0708333333333333
-1.8671721214551507,2.997662400009355,2,1.945
-1.7991918092299373,4.088088245976176,2,2.07125
-1.108330315033746,4.545292588215505,2,2.2329166666666667
-1.6559926088063652,3.1265390121228545,2,1.98625
-2.6246696373868454,3.4165294309635392,2,2.0029166666666662
-2.1171480444279753,3.7146361842826123,2,1.905833333333333
-1.7778434793237412,4.068156868615808,2,2.0541666666666667
-2.014534486697172,3.6543590308781297,2,1.8499999999999999
-2.005092777701447,3.651347445012575,2,1.8516666666666666
-2.133286035682676,3.624129611643895,2,1.8770833333333332
-2.1247314984827224,3.6195440589871617,2,1.8775000000000002
-2.1133691442258393,3.6073146628383155,2,1.8816666666666666
-2.0905057198480406,3.6036400123118364,2,1.8841666666666665
-1.2326222126139534,3.9207534692288544,2,2.012916666666667
-1.334211856322328,4.115499476455976,2,2.06875
-1.3126120685780234,4.0981522097694185,2,2.0729166666666665
-1.8138656892378247,3.600568764205716,2,1.8870833333333337
-1.791728997644993,3.581149309358526,2,1.8895833333333332
-1.777866297197935,3.5576722439887156,2,1.8920833333333336
-1.9202941264732027,3.483873997734969,2,1.905
-1.1985644318632949,4.4446547352867665,2,2.1012500000000003
-1.1874615235339603,4.420072214950398,2,2.1075
-0.8610853213877456,4.030830648583619,2,2.03125
-1.2478299153208767,4.327031049695625,2,2.1454166666666663
-1.2196465306167876,3.8654159106343764,2,2.1354166666666665
-1.8147160680620242,3.3575901384064846,2,1.9741666666666664
-0.8692548787371303,3.2414033694424056,2,1.9545833333333336
-0.45478683148700266,2.594567907472579,2,1.8225
-0.5066795285759912,2.824740311194594,2,1.8741666666666668
-0.8751836651175146,2.649110534992807,2,1.94625
-0.6697216268003355,2.67300107735331,2,1.9433333333333334
-0.21099476846374343,3.0479812184264867,2,2.3529166666666668
-1.3892168794889357,3.18464420997692,2,2.2329166666666667
-1.0965192795323562,2.8139067324852305,2,2.13
-1.4026155821501896,3.179612861772846,2,2.2220833333333334
-1.2216949828249826,3.907974450008667,2,2.370416666666667
-1.1842223652559558,3.0385906307446526,2,2.1995833333333334
-1.1776763119014735,3.034464620528756,2,2.19875
-1.0964938772750334,2.802248457367308,2,2.13375
-1.2656838876128076,3.0662323601704444,2,2.2016666666666667
-1.2378180282724445,3.0165840811754636,2,2.2116666666666664
-1.2309795793816332,3.0126508472243483,2,2.2125
-1.2235590258663154,3.007866524642672,2,2.214583333333333
-0.30008649338567306,3.7459884689668335,2,2.1658333333333335
-0.9145786941264863,3.197852269103372,2,1.9720833333333332
-1.9803632248511136,2.2629160314532193,2,2.1
-1.313083071111029,2.641648562175798,2,2.0295833333333335
-1.2571320409147289,2.556751755811984,2,2.0416666666666665
-0.7937228797770259,3.053729637486723,2,1.991666666666667
-1.1154216615670312,2.6605325192788882,2,1.8925
-1.0604841816073574,3.45759710413655,2,2.120416666666667
-1.046814938336192,2.694380986081554,2,1.9354166666666668
-0.9865442529566064,2.68422472416954,2,1.9425
-0.7138977202466439,2.415671827817278,2,1.8741666666666668
-0.47470999143453596,2.715981804481313,2,1.9354166666666668
-1.1397598319455167,2.050881465424447,2,1.9679166666666665
-0.8221006374250931,2.047629706239204,2,1.8266666666666669
-1.334731353810722,1.7880991067310092,2,1.9154166666666665
-1.2964742731336958,1.5232601230570542,2,1.9679166666666668
-0.4816363983770242,2.21253574309637,2,1.9016666666666666
-0.8081352921329709,1.6953670549091826,2,1.8145833333333334
-0.7563101503304516,1.652001549457079,2,1.7991666666666666
-0.744709718443317,1.6678399102195036,2,1.8104166666666668
-0.7236932067303992,1.407318060006562,2,1.8295833333333336
-0.7654726211453197,1.537300941777323,2,1.7933333333333332
-0.30206358762987456,2.0239318940825983,2,2.0054166666666666
-0.3366114752909213,1.8817283572295118,2,1.9904166666666665
-0.325453922485678,1.870448808700738,2,1.9887500000000002
-0.29120374202636656,1.8546299000889255,2,1.9920833333333334
-0.34573749889810734,1.9873712516112714,2,1.9475
-0.7312950921286158,1.2418745837239382,2,1.9437500000000003
0.6286535149872199,2.7681722113205667,0,2.033333333333333
0.636881409979602,2.7596796473190843,0,2.033333333333333
0.7308323282493997,2.6378850533099762,0,2.0766666666666667
0.2881808758207099,2.1723113875396356,2,2.2433333333333336
0.8589424068086512,2.4431644205822853,0,2.1170833333333334
0.2199629555947211,2.6531979204558103,2,2.3675
0.5548942424241118,2.2695072927151725,0,2.2925
0.35640567513145127,2.4489208109075293,2,2.2445833333333334
0.45798972022897066,2.4389156573714708,2,2.2279166666666668
0.3653905056484947,2.3954548412024157,2,2.2558333333333334
0.4160986819892209,2.274311849667261,2,2.242083333333333
0.8517149286943162,2.112994952127157,0,2.0966666666666667
2.248867095649904,4.279923624232321,0,2.4287500000000004
2.0065404377674603,3.927309699517754,0,2.3633333333333337
1.7032249383321245,3.8223566947242893,0,2.2875
1.3597018737504138,3.9332280743029138,0,2.2866666666666666
1.4212698608133887,3.9316030422170907,0,2.2725000000000004
0.5214404175633897,3.203558158675178,0,2.2308333333333334
1.1374749274834228,3.7111101781896703,0,2.3695833333333334
0.7188062812969394,3.791045761319366,0,2.484583333333333
1.3955018489719535,3.3755410750510624,0,2.345833333333333
2.396689506395229,3.9683632461162714,0,2.25875
2.3796076713465806,4.188656256884731,0,2.2379166666666666
2.329227143942685,4.321322005190473,0,2.2070833333333333
2.3407856991234004,4.23757149997085,0,2.19625
2.2201632208051985,4.229697248428986,0,2.15
1.593439595577207,3.1215560361972448,0,1.9941666666666666
1.7527511745715,3.2889857080818756,0,2.047916666666667
1.355681037421615,2.5467598567615726,0,1.9154166666666665
1.3324167942717897,2.328888746218867,0,1.8691666666666666
1.4295797815191378,2.44377068967055,0,1.89
1.917282468042148,3.2820754798598184,0,2.014583333333333
1.7654907140969534,3.2656749763419386,0,2.0120833333333334
1.2840870056394191,2.237694973485127,0,1.8999999999999997
0.8944380653027287,1.5048943118506677,0,1.8233333333333333
0.2338453646648531,1.0734420293724631,2,1.9325
1.5377875499686098,2.029045160148637,0,1.9870833333333333
1.049165930556759,1.4393242573801244,0,1.812083333333333
1.7598636612552672,1.888010294935572,0,2.060416666666667
2.1230498153921533,2.4724072871012712,0,2.047083333333333
1.7856480160581045,1.9896476138821217,0,1.9295833333333334
1.4633278029792653,0.6094116964513359,0,1.8729166666666668
1.4532087318246565,0.6816058023323146,0,1.9033333333333333
1.8314800905497306,2.3091093606351847,0,1.9349999999999998
1.1539890869054734,1.792714660094033,0,1.89375
1.4184703312773648,1.7439875007334789,0,1.9854166666666666
0.8963106894086348,1.575915779238275,0,2.0595833333333338
1.2833213479322958,1.3520262128309337,0,1.9924999999999997
1.3927808901275331,1.4064544531381575,0,1.9770833333333335
1.4961005540384613,1.8847645556582444,0,1.91125
2.0413698952792676,0.6589283022864135,0,1.8895833333333334
2.1540810006345095,0.605362868075685,0,1.8879166666666667
1.6019485753361253,1.1315427969575127,0,1.7762499999999999
1.987434193452792,1.1825557947648175,0,1.7970833333333334
3.067309711282647,2.8641416536430295,0,2.2391666666666663
2.4127812586540087,2.9627040574429984,0,2.1037500000000002
2.4129685046757094,1.6287212338986221,0,1.820833333333333
2.158488876236591,1.2996802430403407,0,1.7704166666666665
2.228281489444031,1.250317847445472,0,1.7545833333333334
2.389143510027285,1.3002162603727216,0,1.7758333333333336
3.21963538942016,3.483648217234622,0,2.1891666666666665
3.3733368637135768,3.991465819125973,0,2.2883333333333336
2.376344460441695,1.3746074133209603,0,2.1079166666666667
3.1378018015578517,2.6095537942012696,0,2.2958333333333334
3.2834411017692178,3.086846246345563,0,2.1708333333333334
3.482403986046802,0.97176833443817,0,2.057916666666667
3.4750552108012878,1.89308928765131,0,1.9349999999999998
3.861219119295451,2.3016197134409984,0,2.00125
4.226104274640736,2.470609532018691,0,2.1350000000000002
3.718365435078312,1.6187648886229489,0,2.0208333333333335
4.4166306378628715,3.183346133781274,0,2.1220833333333333
4.470664260399094,2.4512138567055075,0,2.1704166666666667
4.60593345306887,3.3143154592101753,0,2.1425
4.589974963310988,2.9507005675925484,0,2.14125
4.689816193929072,3.090483143296926,0,2.1666666666666665
4.890580448626258,3.217165208067386,0,2.1750000000000003
4.691309481060371,2.546219079853317,0,2.1616666666666666
4.684309983748078,1.7229112772776973,0,2.09625
4.710466290875164,1.7096573255068157,0,2.09625
4.712412385253694,2.5366665583099217,0,2.160416666666667
4.598185154299681,1.20563107901879,0,2.05875
4.6313576701163806,0.7277660088738094,0,1.9745833333333334
5.549062461694355,0.5669062401429779,0,2.09625
4.985779383291126,1.6304927042662722,0,2.0216666666666665
4.285845201386063,0.4427948742311124,0,1.8445833333333332
4.245874267983069,0.42758381069529566,0,1.8475000000000001
3.4991238588944413,1.089604003649159,0,1.9029166666666668
3.4456034226639694,1.234972327264834,0,1.8808333333333334
3.664758757976222,1.1501664289825937,0,1.9279166666666665
3.7923636319872225,1.7081165836051806,0,2.0279166666666666
4.603753875701247,1.7767723681599819,0,2.1858333333333335
4.288736141005507,1.3610203451497558,0,2.014583333333333
4.720645160485857,1.6836519869128865,0,2.125833333333333
4.647285482046449,1.264700383147846,0,2.0154166666666664
4.382505154824839,1.9003072131992516,0,2.0216666666666665
5.259196291742266,0.9756405002202087,0,1.9329166666666666
4.577269278971807,1.6988984749303653,0,2.05625
5.104977873360039,1.5958766258256787,0,2.0629166666666667
4.7048070462782645,0.1905293390055651,0,1.8466666666666667
5.030002550035514,1.6160062737043555,0,2.0945833333333335
4.245438532199137,0.9697241364731819,0,1.9466666666666665
3.9826844271060797,1.063655659622332,0,1.89375
4.008087980094132,1.0040739618226384,0,1.906666666666667
3.4602079362154123,1.1117745665873313,0,2.0412500000000002
3.8628948146468196,1.4261237835607055,0,2.235
3.5259195353765214,1.0138399728988623,0,2.0658333333333334
3.5081229798942335,0.9850766617501101,0,2.0625
4.025077912397888,0.8849945938579276,0,1.9254166666666668
4.750077624914835,0.7805453215430614,0,2.06125
4.787933241763289,0.6466952713613994,0,2.08375
4.992317917723794,0.03063206235991703,0,1.9070833333333335
4.961056312521799,0.7505952521049843,0,2.0933333333333333
5.007366508814287,0.676666674999561,0,2.11
5.202205918312123,0.07906862937699227,0,1.9241666666666666
5.214277289098307,0.053648997070780614,0,1.9295833333333334
4.983935657486309,0.6756281520400088,0,2.1016666666666666
3.790151286365912,0.37740456245669696,0,1.9145833333333335
4.007417903926136,-0.31345509567566077,0,1.7300000000000002
3.8528406153966803,0.2898411844745328,0,1.9124999999999999
4.0621950941216385,-0.30542337667004044,0,1.7379166666666668
4.0637337126521125,-0.3017764464555854,0,1.7404166666666667
4.966265876775262,0.7789454234583116,0,1.9445833333333333
4.150267100472327,-0.48157134990013384,0,1.76625
4.175470118694725,-0.36024646619535505,0,1.7387500000000002
5.9248553982508145,1.5913829824397006,0,2.265833333333333
4.809382772943673,0.8228698339066328,0,2.0883333333333334
4.0905942483716276,0.12948014879767517,0,1.9404166666666667
2.3520449443418783,-0.581201890294978,1,1.76625
4.034332374194034,0.28228292167892644,0,2.0675
3.355217985056009,-0.6441603144508385,0,1.8579166666666669
3.5950105942743233,-0.6095796058616068,0,1.780833333333333
3.2298799165117305,-0.3529215303328816,0,1.6595833333333332
3.210600141971204,-0.4028287472237831,0,1.6616666666666668
4.168136457703733,0.5819658755239966,0,1.9337499999999999
3.5444159690572494,-0.34282621910155314,0,1.7358333333333331
3.212800376984942,1.308101903232372,0,1.950833333333333
3.073698381516141,-0.4876025775517332,0,1.7220833333333332
3.0381902492831125,-0.561290787448608,0,1.7229166666666664
3.9287309594109248,-0.5392383948058243,0,1.9962499999999999
3.206986359727537,-0.8948120691316261,0,1.8579166666666669
3.2485962032910636,-1.079845839212467,1,1.8854166666666667
2.436238967132551,-0.4405375120941706,1,1.7258333333333333
3.1511928564024734,-0.37384414011122363,0,1.7966666666666666
2.254648302612465,-0.9756321329234786,1,1.78625
2.319670091369852,-0.9573182883176624,1,1.7562499999999999
2.413144087059424,-0.6299107989192382,1,1.6966666666666665
1.1132687823279013,-1.3538079117516644,1,1.6787500000000002
0.9131815540862778,-0.7551242464441043,1,1.5854166666666665
0.9660372278797962,-0.7028891146423192,1,1.5791666666666668
2.7207142331236014,0.2625920698486346,0,1.8533333333333335
1.4905060612648848,0.5513568275906684,0,1.77125
0.8099025987524895,-0.42133013860201124,1,1.8291666666666668
0.6269750021473255,0.1600196434740282,1,1.7400000000000002
0.5881391446153085,0.04370769649290217,1,1.7566666666666666
1.1906893352552703,-0.9012872108827155,1,2.044166666666667
1.2371356724026892,0.9489296239840166,0,1.93625
0.7215565856725229,-0.27167046164396835,1,1.5891666666666666
1.1899618805334502,1.1080332325299485,0,1.9116666666666664
1.2048842175322805,1.100161254556741,0,1.9120833333333334
1.085201974727991,0.40485865982533686,1,2.0187500000000003
0.6251379042169207,0.04838193297899555,1,1.7441666666666666
0.4853138032627246,0.3029568046585127,1,1.6816666666666666
0.8004383589401074,-0.7722232171138103,1,1.88375
1.0877385454448443,1.186643985333588,0,1.8741666666666665
0.4498545751317216,0.19150468048756486,1,1.6741666666666666
0.7057725917104216,0.12480202704544525,1,1.6975
-0.1833296106324538,0.4959586755909332,2,1.6416666666666666
-0.2875935163296042,0.41067239964375263,2,1.66625
0.48381659231921903,1.2799683961776798,2,1.8408333333333333
1.9682665697435922,1.1888550746780697,0,1.8683333333333334
1.0272656088027772,1.5696035151226002,0,1.6725
1.9632701407979536,1.7523926644410688,0,1.9583333333333333
1.6353291472845413,0.210362204436548,1,1.87875
0.7925051304320697,0.29155433970143396,1,1.97875
1.0370808156684732,-0.2818659356759678,1,1.82125
1.0686772669046887,0.38868905494898465,1,1.9225
2.2017089472513844,-0.46741585991656454,1,1.7579166666666666
2.797263845462905,-0.7000158555469356,0,1.9245833333333333
1.5610831474860434,-0.8372871393764743,1,1.9345833333333333
2.1980597905579047,-0.9774267213922021,1,2.0554166666666664
2.2515818616313417,0.32571999928408285,0,2.01625
1.759011733834753,-1.0076628943437684,1,1.4979166666666668
1.1541965742408493,-1.7638689107755994,1,1.7345833333333331
1.0305011854521997,-1.829520437674379,1,1.7608333333333333
2.6358137172079266,-0.7368752686391399,1,2.1420833333333333
1.3480790242408887,-1.0772244786058305,1,2.2116666666666664
1.4431579954402385,-0.9538271545871105,1,2.325
1.4908369885841073,-1.134451612238343,1,2.2954166666666667
1.4394920335038577,-0.9527142078417373,1,2.325833333333333
1.450677643723099,-0.9535084607451556,1,2.3229166666666665
1.1713102276161642,-0.5937510143811546,1,2.1804166666666664
1.4002268628244008,-1.047233683245257,1,2.3345833333333332
1.2041729667386138,-0.6065366720421871,1,2.1766666666666667
1.2216385488294141,-0.6286100275920192,1,2.1804166666666664
2.281480999169074,-0.3326348961398513,1,2.325833333333333
2.3861626630046437,-0.9533968908199852,1,2.4137500000000003
1.674106176606925,-0.86822392163137,1,2.158333333333333
2.824207346053943,-1.090806296564841,1,2.125
1.5797104644953708,-0.9971265485628688,1,1.8187499999999999
4.3381293965806185,-1.2158502269738818,0,2.13875
3.9916575548112614,-1.6600891907098583,0,1.9583333333333333
2.8155409190385274,-2.200472264537516,1,2.04125
2.779031874781725,-2.28769903448223,1,2.0633333333333335
3.794030178900477,-2.851047559026014,1,2.358333333333333
3.052174876309187,-2.63050358659538,1,2.21
2.7803509311020282,-2.2816381684396787,1,2.06625
3.0427183773470334,-2.6364346215305274,1,2.2079166666666667
1.8115549007557026,-2.9993515308156997,1,2.0258333333333334
1.8034315053739849,-3.005348739738851,1,2.025
1.7931811354218945,-2.3973575986818836,1,1.9466666666666665
1.7329336761236442,-2.4581544289956274,1,1.9262499999999998
0.817487515805561,-2.620638957470909,1,2.095
1.7106967208547386,-3.1937963970271683,1,2.0933333333333333
1.5738257831589808,-3.0708424251713113,1,2.0629166666666667
2.4453250757404286,-2.8755610891323755,1,1.9029166666666668
2.8141313879086294,-2.387575804309079,1,1.9720833333333332
2.9996141212205742,-2.3499616884868177,1,2.0883333333333334
3.036471710592983,-2.989421322639597,1,2.14375
3.108421675897086,-2.688823491108383,1,2.5091666666666668
2.7837106383714403,-3.018504194602238,1,2.2758333333333334
2.063585578770586,-2.7971544488907254,1,2.1020833333333333
2.4976008912089003,-3.3067766434916783,1,2.0708333333333333
2.55311397692295,-3.4061761965694277,1,2.127916666666667
2.921945308995994,-3.2770751001597933,1,2.15625
1.7940644222362916,-2.9656085369329164,1,2.2100000000000004
2.297143832975169,-3.1630410929878146,1,2.37375
1.642142338275878,-2.6248041648606013,1,2.172083333333333
1.7207178667251282,-2.9816798250807572,1,2.12
0.5607246964425363,-1.9184871311986436,1,2.0700000000000003
0.8923294641886694,-2.563228634511354,1,2.1991666666666667
0.8051754529901969,-2.6371107855743547,1,2.1770833333333335
1.7021146436602552,-3.6677402553225433,1,2.21625
1.3994829128945603,-2.859834740133687,1,2.0608333333333335
0.8438391900180918,-1.9672745355161325,1,2.02
-1.1308262553995632,-0.1234111049910289,2,1.85625
-0.3695995642625423,-1.064919253285048,1,1.9404166666666667
-1.5968707806252531,-0.9151854794661578,2,1.6908333333333332
-2.4230429090695695,0.21156915079861213,2,2.095833333333333
-2.575486704452825,-0.8039988104253026,2,1.7712500000000002
-0.7048953860461151,-0.6253454365610596,1,1.8995833333333332
-2.018549660329372,-0.7407433753565834,2,1.8187500000000003
-1.7795295044883495,-0.3817280213802012,2,1.9262500000000002
-1.1853528878907278,-0.9588937364206129,2,2.0608333333333335
-1.752919454278268,0.8174779742295174,2,2.4904166666666665
-1.3046223792364353,-0.27617030896234185,2,2.4466666666666668
-0.9418681179709718,0.6174381466379958,2,1.9466666666666665
-2.8864289476656726,0.005147127788337671,2,2.06125
-3.0482813026326645,-1.0193828718503195,2,2.1679166666666667
-3.3107201445785512,0.07919891750910345,2,2.0041666666666664
-3.556000129698068,0.3925065174123758,2,1.8162500000000001
-3.049311564807502,-0.2124424443395513,2,1.967083333333333
-3.33629555417443,0.024048521452611802,2,1.7791666666666668
-2.631204652137419,0.5363487898798355,2,1.67375
-2.172458593785031,-0.0015451919275719563,2,1.7891666666666666
-3.688906495975152,1.5458392471855695,2,2.1041666666666665
-3.747456431821216,1.2646739572952677,2,2.0870833333333336
-3.816411071481969,1.4047722548037171,2,2.1233333333333335
-3.705871737210073,1.4481640771535558,2,2.1016666666666666
-3.589530047392897,1.3241668847659138,2,2.0658333333333334
-3.5911051649124155,1.3184655742419864,2,2.065
-3.566663279553242,1.3612605224268306,2,2.0733333333333337
-3.5666059746967966,1.3377485920807228,2,2.06875
-3.3229490391427174,0.9773834989189908,2,2.28125
-3.415519321929215,1.3508290057325594,2,2.0870833333333336
-3.413170394013586,1.3252749835462048,2,2.0833333333333335
-2.4227573371892994,1.5518614726720341,2,2.044166666666667
-3.2678894045260836,1.3579571439067526,2,1.8374999999999997
-2.493720085930141,1.6287717680418543,2,1.7025
-2.537656052180841,1.6187344653152216,2,1.7241666666666668
-2.5769323972747507,1.5647831157622496,2,1.7149999999999999
-2.2117446416342808,1.0938801695030342,2,1.89375
-2.4603612069424288,0.10037708145878421,2,1.8479166666666664
-2.423316971450567,1.0638609231385752,2,2.01625
-1.73658899887338,0.36495871156405607,2,1.7383333333333333
-1.7162175639745012,0.3372973416677129,2,1.7400000000000002
-3.190463882093487,-0.5426406904697306,2,2.1762499999999996
-2.4183894048106134,0.10917718825587479,2,1.8804166666666664
-2.608605999180862,0.6985303299313741,2,2.0549999999999997
-2.6007154192108097,0.7040826355687889,2,2.0524999999999998
-2.5998557633100967,0.7036651908937755,2,2.0533333333333332
-2.589601985699573,0.7124295219344918,2,2.0558333333333336
-2.5989478670068182,0.7017866711803246,2,2.0529166666666665
-2.60772263189192,0.6787458097702099,2,2.0491666666666664
-2.5891101587083107,0.6917010488873949,2,2.0541666666666667
-3.045870864815775,0.7934719980161684,2,2.1683333333333334
-2.842995097488692,0.1782368518403876,2,1.9920833333333334
-2.885982942173498,0.8656930749035521,2,2.19875
-2.3559737032992207,0.08716198481013608,2,1.88375
-3.0493619713853124,0.7930364295091131,2,2.16375
-2.952299651328147,0.8199883688381774,2,2.1783333333333332
-2.954034666889429,0.8164535766113881,2,2.177916666666667
-3.052705091875978,0.788524439586001,2,2.1645833333333333
-3.38496935094107,1.2617217741192028,2,2.0104166666666665
-3.3518460487645316,1.216572773694029,2,1.9979166666666668
-3.3204526578119813,1.2303137553814012,2,2.0058333333333334
-3.2634592791148145,1.2237368731534888,2,2.0091666666666668
-3.3393100248645404,1.1989430863294535,2,1.99625
-3.1291157768995745,0.6057512200301093,2,1.8258333333333334
-2.78480789788864,0.1926372100675053,2,1.9991666666666668
-3.1018952073479635,0.6011039859546006,2,1.83
-2.9773780146986004,0.7350846844590404,2,2.174583333333333
-3.006333962037069,0.7747269189695515,2,2.1870833333333333
-2.761251700741979,0.2241747932941028,2,2.052916666666667
-3.0624695608451997,0.625617570012408,2,1.8879166666666667
-2.9846473181637667,0.6615641084116368,2,1.8949999999999998
-2.837871335923065,-0.3580944009514463,2,2.0408333333333335
-2.5264638658997387,-1.2757990683375975,2,2.1891666666666665
-2.7692125360280064,-0.7980776715989096,2,2.3279166666666664
-2.5262014941465485,-1.3927010777276163,2,2.16875
-2.5101783452871436,-1.415794411322988,2,2.1679166666666667
-2.7924355297891794,-0.5465230165879428,2,2.0175
-2.724862372610374,-0.5468482642481075,2,2.03
-2.701956355436252,-0.5735984318987865,2,2.0283333333333333
-3.0659341635729884,0.9975215710518898,2,2.0675000000000003
-2.5721291768113312,-0.3412097077647294,2,2.09375
-2.5356627603215762,-0.36349423743429393,2,2.0954166666666665
-2.98329339180204,0.9008732208882686,2,2.0716666666666668
-2.988657459996882,0.016960018287208268,2,1.9966666666666668
-2.5417845414404487,0.41342446500616614,2,2.1770833333333335
-2.2471265958301947,-0.49337820420484557,2,2.3145833333333337
-1.7604966039447525,0.9204213262616351,2,2.370416666666667
-2.1908830350931674,-0.5514720048861799,2,2.314166666666667
-1.796308049694944,-0.4394746018525229,2,2.32875
-2.4757012837496215,-1.0143212871770386,2,2.1470833333333332
-2.608093327085449,-0.5869058476390243,2,2.28125
-2.5196590427266767,-1.2719928880117715,2,2.1233333333333335
-2.4056855952127956,-1.067452362838431,2,2.1483333333333334
-2.6549942766005703,-0.35333216850355353,2,1.9937500000000001
-2.3199541522452596,-1.2092030114868857,2,2.1350000000000002
-2.5317932829117042,-1.1265642475315998,2,2.159166666666667
-2.6855981778513485,-0.47994130069826835,2,2.0354166666666664
-1.8096470722416376,-1.1991521923138784,2,1.9858333333333336
-2.286070267607068,-1.175509215021581,2,2.106666666666667
-2.3348876786977586,-1.4304415588511694,2,2.174583333333333
-2.3338946011888466,-1.357572378454402,2,2.1075
-1.7975348253660293,-1.422150062729693,2,1.94625
-1.6758426343824482,-1.5051260427763329,2,1.9516666666666669
-2.01026659245768,-0.5896752780631732,2,1.8404166666666668
-1.7165892432749408,-1.4185056880780642,2,1.9708333333333332
-1.6328221186734733,-1.861236749258192,1,2.0316666666666667
-1.9215744127779573,-1.1883478068439657,2,2.0366666666666666
-2.072631095051063,-0.8975720729430935,2,1.9916666666666665
-2.0292382458633322,-0.013928547513283283,2,2.11
-2.219668633451517,-0.3574392846495708,2,1.9054166666666665
-1.663242181018233,-0.49457702862847974,2,1.7587499999999998
-1.9853384286142532,-0.6477479684101388,2,1.8374999999999997
-1.705915805715609,-0.47105504225305805,2,1.74875
-1.6647711353970698,-0.5669538096969301,2,1.7683333333333333
-2.48805891255068,-0.6657635433588274,2,1.9166666666666667
-2.181848062357413,-0.5224723467255783,2,1.8633333333333333
-1.3666286647000105,-1.4131586077526275,1,1.8308333333333333
-1.02553462601505,-1.3984918511736337,1,1.8033333333333335
-2.0670198320114626,-0.7103449083256477,2,1.8558333333333332
-2.19362618246687,-0.3834053331303279,2,1.8175
-1.2267054942543747,-1.448405766419957,1,2.08
-1.9164407523799418,-1.3220688179095508,2,1.9125000000000003
-1.9128065168191128,-1.3584204822608328,2,1.9066666666666663
-1.9719412252326702,-0.01788946614260749,2,1.7475000000000003
-1.9272065697412954,-1.1710588309029664,2,1.9454166666666666
-1.2277916328979877,-1.1259538290998456,1,2.0029166666666667
-1.3662307498682371,-0.8226482277606281,2,1.9954166666666666
-2.420933205114954,-0.2389928079178293,2,1.8229166666666667
-2.3434988852366465,-0.35633537499478846,2,1.8462500000000002
-1.421937708408234,-1.6833248266146943,1,2.0445833333333336
-2.316173078771431,-0.4448801555780183,2,1.8633333333333333
-2.190287573130334,-1.2895120298875316,2,1.9916666666666665
-2.23505588272556,-1.231275995143947,2,1.9758333333333333
-2.2298702003075817,-1.2283735590716742,2,1.9779166666666665
-1.9492480100288696,-1.119446911720078,2,1.9375
-2.228736134459334,-1.2590138577892496,2,1.9770833333333335
-2.237658293002264,-1.264150218896756,2,1.9745833333333334
-1.701416944172485,-0.6158283262866809,2,2.0004166666666667
-1.6539660833817498,-0.5563558158174884,2,2.01375
-2.4437362280287473,-0.3882204591818059,2,1.8179166666666668
-2.5980202570209636,-0.31882584513490225,2,1.7787499999999998
-2.494288235764471,-0.18152218270790435,2,1.8
-2.108538407030311,0.044056367506693075,2,1.7879166666666666
-2.659609869669819,-0.19419683189425146,2,1.885
-2.1157968856210365,-0.10044743499046167,2,1.7845833333333332
-1.7753947498800449,-0.8648555278529597,2,1.937083333333333
-1.873584884359211,-0.10487444184239292,2,1.97875
-1.5817719236030505,-0.026258844952093005,2,2.055
-1.718941194581818,-0.07918381130588563,2,2.0870833333333336
-1.8219219238450408,-0.1192648893524081,2,2.1133333333333333
-2.124146706370527,0.8193471660368771,2,1.9091666666666667
-1.6115272559078355,-0.015337608860756564,2,2.0870833333333336
-1.3119620164427779,-0.47176369178620214,2,1.9333333333333336
-1.3352653989308876,-0.47135249922308464,2,1.925416666666667
-1.6964800117486414,0.39343458913525925,2,1.7679166666666666
-1.6790337787705607,0.3709351520501609,2,1.7666666666666666
-1.9171641045819159,0.89874076443335,2,1.8683333333333334
-2.043442049749679,0.8519442312035765,2,1.9004166666666666
-2.060661157566191,0.898857215685695,2,1.92375
-1.5620375998834022,0.2393058402910722,2,1.812916666666667
-1.9241915228384532,0.8046428796164782,2,1.9575000000000002
-0.9098195359234524,-0.6053257657088509,2,1.9483333333333333
-0.564468860856856,-1.4302200025490195,1,2.4275
-0.09501351556066116,-2.0027867713662575,1,2.2983333333333333
-0.8215232051189715,-1.2917654531025216,1,2.0483333333333333
-0.5740615720277858,-1.8999287958074171,1,2.1658333333333335
-0.6698945877157537,-1.3166362506412055,1,2.07625
-0.47578653211436306,-1.3880729264929175,1,2.1170833333333334
-0.06959231760328836,-1.509782473403693,1,2.2070833333333333
-0.23034070495928663,-1.9533003866024639,1,2.2129166666666666
0.05418378527918772,-1.7660907899915457,1,2.6379166666666665
-1.0969430254164398,-1.4215007175896417,1,2.3804166666666666
-1.236415645151348,-0.899191543264003,2,2.2970833333333336
0.165053256100419,-1.7447813604416123,1,2.64875
-0.5215398050102215,-1.6657357530827503,1,2.500833333333333
0.12518755774843857,-1.3485939474524036,1,2.5675
-0.9652751143342536,-1.049454375591144,1,2.325
-0.31857024772248704,-0.7147326510470265,1,2.4029166666666666
0.0067361364746351465,-0.916894890290214,1,2.4745833333333334
-0.4511157629337209,-1.1744177860351492,1,2.4299999999999997
0.1060027613847026,-0.8716507863038954,1,2.4879166666666666
-0.5055808805701376,-0.5161663757576728,1,2.5029166666666667
0.5304703926663115,-0.8356712935871462,1,2.435
-0.509496388552002,-1.2490431782472953,1,2.4066666666666667
-0.14110628591462757,-1.1788372688677071,1,2.3375
0.7714083621253133,-1.3571148436515996,1,2.5262499999999997
0.5146807590145704,-0.6261075897629725,1,2.405416666666667
0.5925517450417055,-1.111332581762621,1,2.4800000000000004
0.6220601779415588,-1.1996503550622148,1,2.3804166666666666
0.6213479046302999,-1.2001829027218067,1,2.3804166666666666
-0.631152777842119,-0.17644739759551767,2,2.37625
-0.37180292964567946,-0.296189780499906,1,2.453333333333333
-1.780242532411362,0.5234526033536852,2,2.4941666666666666
-0.6179339427661201,-0.1577115366094307,2,2.6733333333333333
-0.3380357342772745,-0.6935887864474478,1,2.7887500000000003
-0.8918307621320481,-0.5185639080736162,2,2.4791666666666665
-0.754288342404213,-0.6542792431755504,1,2.4620833333333336
-1.5557580203033325,-0.41998126954145676,2,2.2741666666666664
-1.66596831453362,-0.4686369067775961,2,2.3220833333333335
-0.1371613562729846,-0.8515873095598514,1,2.707916666666667
-0.8470367311722734,-0.7439013926073696,1,2.4929166666666664
-0.7362679924628276,-0.5743610920298831,1,2.5083333333333333
-0.6654777395042915,-0.5288502751889489,1,2.455833333333333
-0.6730621104843834,-0.50675936718629,1,2.4429166666666666
-0.15447086019770878,-0.8724558666245675,1,2.5691666666666664
0.15119250757436137,-0.8550162039783527,1,2.67625
0.11789868838608882,-1.100344940197045,1,2.71875
0.8161382615373923,-1.4568984576111215,1,2.82875
-0.3505696536938037,-0.9301163618060937,1,2.5604166666666663
0.7519760924715738,-2.208590867494548,1,2.72625
0.8774417354496944,-2.250545045129099,1,2.7441666666666666
1.2966542307708753,-2.180963428585227,1,2.6683333333333334
1.0587798337822658,-1.711851725875989,1,2.5612500000000002
0.9448131964333006,-1.7058941534372893,1,2.5375
0.5523133090946355,-2.0113127876791284,1,2.50375
-0.22343992917396313,-1.1717092582694366,1,2.592083333333333
-0.06956583811445573,-0.991843206641477,1,2.484166666666667
0.7790862444676074,-1.204817735350077,1,2.6375
-0.8187097980939633,-0.8321261775079032,1,2.3283333333333336
-0.019078394322690533,-0.9733911477360342,1,2.4766666666666666
-0.8818792245209623,-0.8365391269053581,1,2.32125
0.7198220078166221,-1.2214758225008662,1,2.6216666666666666
0.17469584199186447,-0.9941876889166935,1,2.4366666666666665
1.1063639383721104,-1.3035393420421177,1,2.549583333333333
1.0561685557046494,-1.3121614534827852,1,2.5595833333333338
0.45310831091532827,-1.227943427494499,1,2.56375
0.24928965020207589,-0.9661871479301326,1,2.4575
0.25403792447541806,-0.969159175285771,1,2.4579166666666667
0.3076122227619234,-0.9640824800169812,1,2.4499999999999997
0.43047231912762945,-1.2642720242130605,1,2.5712499999999996
0.5705182990979598,-1.08401287183727,1,2.6041666666666665
1.1377512033071757,-0.749188148432554,1,2.762916666666667
0.9453682295588259,-0.8070834049257005,1,2.705
0.20277582242827227,-0.8129164674192626,1,2.509583333333333
-0.38112213499464254,-0.7935313403107924,1,2.4812499999999997
0.2027266988123499,-0.9054294237857747,1,2.4716666666666667
0.21942926155873393,-0.7812814115533011,1,2.4541666666666666
0.39986021812351175,-1.2480862469024947,1,2.3208333333333333
-0.04057373654960989,-1.8280247974537072,1,2.0204166666666663
0.4231233961862147,-1.214787103389481,1,2.337083333333333
1.073773954215891,-0.8542428704839453,1,2.4020833333333336
-0.3334761002817948,-1.1248843664453856,1,2.222916666666667
2.04758817830166,-2.3757667503768967,1,2.44875
0.6679623833927884,-0.8945177657444713,1,2.3537500000000002
0.12827617175872033,-1.379302287474346,1,2.0054166666666666
0.7115203674990253,-1.5670592341864402,1,2.0575000000000006
-0.15755562964836087,-1.3539597853086338,1,1.8716666666666668
-0.16769701960515884,-1.3553598264450466,1,1.87375
-0.17283336170897182,-1.3521403694778813,1,1.8716666666666668
-0.1772984779624711,-1.3521443977403118,1,1.8716666666666668
-0.19700081667574548,-1.3486580297005333,1,1.8687500000000001
-0.215999143402596,-1.3596010069845887,1,1.8637499999999998
0.6762463013188783,-1.4814289214622167,1,2.015833333333333
0.6614441884183412,-1.458218519801454,1,2.02125
1.6234664134091983,-2.0121047188773127,1,2.2383333333333333
1.6372260555742373,-2.01492927143381,1,2.2412499999999995
1.5115638297909197,-1.9751279475885988,1,2.20375
0.9900978979550387,-1.8510497348999482,1,2.3345833333333332
0.9324296737194246,-1.351848006491232,1,2.4004166666666666
0.7600209141608758,-1.788078653758523,1,2.0975
0.9891255872389192,-0.6275137854385324,1,2.192083333333333
-0.25848066459174324,0.6426132743120737,2,2.3766666666666665
-0.1513737304900796,0.6298275336525934,2,2.4724999999999997
-0.23774407603211642,0.2209840959131414,2,2.31875
-1.3647840406343115,-0.7293765281674547,2,1.9408333333333332
-1.2452205916402574,-0.7665245725610329,2,2.1054166666666667
0.47054164740091137,-1.6682001857526516,1,2.1075
0.2696882329170709,-1.1906962581704041,1,2.3766666666666665
-0.26884584412160695,-0.31422454160613905,1,2.18125
-1.1979091480335726,-0.8161950202698904,2,2.40875
-1.6082556959778636,-0.30650527561307156,2,2.03375
-1.7000566535155768,0.18395536275952745,2,2.189583333333333
-2.2019820621291997,0.298176193300867,2,2.1954166666666666
-2.077577407533318,0.7022174748748723,2,2.0475
-1.9283730960699013,-0.22650683750346565,2,2.315
-1.6619224889944333,-0.10663403771537373,2,2.2691666666666666
-1.6549007409284957,-0.10554269907023496,2,2.2691666666666666
-1.752469222579585,0.10207874372982484,2,2.31625
-1.7317016897620194,0.0954639302383779,2,2.32125
-1.729971062027222,0.09491269578075734,2,2.3216666666666668
-1.743924937733677,0.10033190126822615,2,2.3179166666666666
-1.6485136175752932,-0.10871400017799507,2,2.27
-1.7428437551291989,0.10063729818081521,2,2.3179166666666666
-1.7500358672847598,0.10464459237251539,2,2.31625
-1.7437628014758892,0.10329628591224256,2,2.3175000000000003
-1.6530649269639468,-0.10899856734522792,2,2.2691666666666666
-1.5825804242322874,-0.11756864322412637,2,2.277083333333333
-1.6387342175842552,-0.1240681906886505,2,2.2687500000000003
-1.646335240294119,-0.12529067260189866,2,2.2675
-1.4979915068420377,-0.5820288376542174,2,2.05875
-1.4749538363733667,-0.5904148117126399,2,2.0587500000000003
-1.7315953337285592,-0.7379394638553229,2,2.1029166666666668
-1.5990921288868747,-0.558270753636468,2,2.1358333333333337
-1.4153454071544331,0.014191538260974603,2,2.0458333333333334
-1.1399387761542397,0.12822875593848962,2,1.9991666666666665
-1.3683799702217785,0.25518564905650726,2,2.06125
-1.6136638338903917,0.26669549301493234,2,2.3020833333333335
-1.8245674904635367,0.363456959971598,2,2.317083333333333
-1.5721360603664671,0.7116347942078262,2,2.171666666666667
-1.5270310554602162,0.6789890567253969,2,2.1754166666666666
-1.1320379604610153,0.06507683465364887,2,2.31
-1.6043444837222927,0.5591303236336105,2,2.2016666666666667
-1.208930271256424,0.2990073004458791,2,2.4233333333333333
-0.8666386940240176,0.4332651408548308,2,2.5083333333333333
-0.9210731228034155,0.8288711732231676,2,2.262916666666667
-0.9216101542479731,0.9158546330494545,2,2.2954166666666667
-0.9880479886054003,0.18727516111573658,2,2.3554166666666667
-1.782459944951988,0.6053103431819841,2,2.2391666666666667
-1.6483769341358665,-0.21038833101969265,2,2.3249999999999997
-2.336618492751659,1.1889626640696525,2,2.0991666666666666
-2.168524223454628,1.3506640064769178,2,2.2312499999999997
-2.2007355703550013,0.9909047947573371,2,2.1191666666666666
-2.037979556423764,0.7191456980170423,2,2.055
-1.2232063743520116,-0.35512380240950864,2,2.0191666666666666
-1.4468065181808336,-0.5273847405003745,2,2.0591666666666666
-1.1120376640678522,0.07021749042333211,2,2.2741666666666664
-1.0155398680322365,0.13376239777460852,2,2.2741666666666664
-1.2935605920481335,1.7971330604812294,2,2.3725
-0.5484800905067556,0.3793942309926811,2,2.3766666666666665
-1.2212429731085044,0.04152403177343278,2,2.3395833333333336
-1.6606651613773853,0.30445985127671993,2,1.9391666666666667
-1.5676389731219267,0.5275130611310948,2,2.1550000000000002
-1.9026708213310248,0.06545813662320792,2,1.9679166666666668
-1.4635867423953053,0.04708774638770122,2,1.8416666666666668
-1.4923476095381554,0.5512875764918969,2,2.13875
-1.101451089316502,0.17449154469432485,2,1.98125
-0.6918177300118244,-0.05157691461411886,2,2.0616666666666665
-1.1496379958993619,0.3368583648345647,2,2.0279166666666666
-0.9978811433081791,0.3486056273400189,2,2.0091666666666668
-1.3077237776418025,0.2657821325788671,2,1.9883333333333333
-1.5196012905595702,-0.15932301229115747,2,1.8075
-1.0658600253408261,-0.3444959027834806,2,2.07375
-0.5568782644563925,0.039062428032096475,2,2.0833333333333335
0.7329539491840263,-0.8897193194540728,1,2.6266666666666665
-0.6832043567527059,-0.5763655048024688,1,2.3016666666666667
-0.7424346509373289,-1.1113111450894901,1,2.175416666666667
0.3827516126157877,-0.43515853552631034,1,2.43125
-0.5319111856291788,-2.06126445802472,1,2.3366666666666664
-0.35291335446817096,-2.1662946942306074,1,2.0775
0.06773784222092612,-1.9855170214795668,1,2.1824999999999997
0.7568792444525392,-1.6921374222701469,1,2.0625
0.11723617463460294,-2.511535015575749,1,1.9137499999999996
0.6340444133652284,-1.2961235630761692,1,2.0658333333333334
0.6815621798546029,-1.3147665406254976,1,2.064583333333333
0.6138615457328815,-1.361063646476154,1,2.049166666666667
0.272602653282922,-1.3126010357955025,1,2.0966666666666667
0.646901147389101,-1.8961623412787836,1,2.2175
-0.0682553896138263,-1.4153292754303115,1,2.2666666666666666
0.44357435373541027,-1.5310458200627153,1,2.1370833333333334
0.7948425996032049,-1.8265460639569624,1,2.189583333333333
0.4551092028472021,-1.5339959643562175,1,2.13625
0.007372854377325071,-1.8126730257256451,1,1.9433333333333334
0.5072511577416176,-1.8489373279171992,1,2.1579166666666665
0.010972063678967683,-1.953918465489288,1,2.2529166666666667
-0.6123484718284327,-2.3653395850496244,1,2.359583333333333
-0.2839815646981358,-1.8569928799616349,1,2.1291666666666664
-0.6658950203197493,-2.763176861878942,1,2.075416666666667
-0.6293971347952804,-2.78008328650209,1,2.0749999999999997
-0.33336590757866386,-3.348412239731405,1,2.1845833333333333
-0.3648756515952128,-3.53524354675638,1,2.122916666666667
-0.5956200046180564,-3.001673988727694,1,2.013333333333333
-0.05009674315071459,-2.9184168610763295,1,1.91375
0.42795504362445186,-3.314458457565016,1,1.95625
0.07610702057182325,-3.448430118265598,1,2.066666666666667
0.41260362034530257,-3.037956146259038,1,1.9112500000000001
0.19818257298289335,-3.392951143721301,1,2.0075
0.6313985720412749,-3.2937403011344797,1,1.9245833333333333
0.7381857324022507,-3.0200760027869897,1,2.0316666666666667
0.5435519721863639,-3.291858045054801,1,1.92875
0.78086613198414,-3.324305446003777,1,1.9579166666666665
0.6078684912064902,-3.3774438910635487,1,1.9729166666666667
0.7814327033672543,-3.3404933070524443,1,1.9541666666666666
0.6947788114404131,-3.3143334207001383,1,1.9508333333333336
0.14049180339704015,-3.6124894778891394,1,2.075416666666667
1.4838126564008893,-2.911395443189879,1,2.1933333333333334
0.8413058169704686,-3.2035291252089175,1,2.067083333333333
-0.2830832430900088,-3.1444837730981856,1,2.025
-0.38572480392346603,-3.021201721422571,1,1.9870833333333333
-0.5472540862716262,-2.7400446252731165,1,1.8625
-0.7138109776274864,-2.224428235218652,1,1.8079166666666666
-0.7598266643531026,-2.2008568948950207,1,1.7541666666666664
-0.7157548844510534,-2.243658268392102,1,1.7991666666666666
-0.4577959842756828,-2.5976697446748114,1,1.9154166666666665
-0.75272411284517,-2.204297319111998,1,1.7558333333333334
-0.7546678182442317,-2.2008160048980443,1,1.7554166666666664
-0.7074630048884196,-2.2701398427321458,1,1.7820833333333332
-0.7011430659491031,-2.264210339856678,1,1.7958333333333332
-0.7172769952635919,-2.2471578794197486,1,1.7908333333333335
-0.7381768192170823,-2.2011528709169212,1,1.7991666666666666
-0.7241331756545868,-2.20082989572019,1,1.7970833333333334
-0.7459471747220489,-2.1986449760218587,1,1.752916666666667
-1.2623930941637602,-2.192999629504568,1,1.7533333333333332
-1.038978693523551,-2.228265951179487,1,1.7837500000000002
-0.8623303514212702,-2.2227598202175423,1,1.7437500000000001
-1.2667324317205433,-2.220206317190412,1,1.7491666666666668
-1.0372647365199863,-2.2543589999758757,1,1.7766666666666666
-0.945611696644852,-2.279094020214611,1,1.795
-0.9995707146358525,-2.2183423075717057,1,1.7345833333333331
-0.5504684587054351,-2.716140239233646,1,1.9145833333333335
-1.014485400582662,-2.686999054543546,1,2.0849999999999995
-0.24027003317007972,-2.341962446973093,1,2.2274999999999996
-0.4975176803981362,-2.7862323402447573,1,2.1504166666666666
-0.48217616488300546,-2.2372519236993775,1,1.96
-0.4988444200238656,-2.529257130979827,1,2.15
0.13360540980435612,-2.9850205778801193,1,2.17
0.023352256844188218,-2.741794353893431,1,2.0837499999999998
1.234232990064381,-2.117261922109704,1,2.2775
-0.09097002265293977,-3.0955742553855994,1,2.01625
0.2467279811500108,-3.095118777956471,1,2.0608333333333335
1.5647259911060953,-2.648434914721004,1,2.205
1.4617517174591381,-2.77798787106495,1,2.1558333333333333
1.2756258702261398,-2.7375037041551695,1,2.0979166666666664
1.7789167304517834,-1.9792984342088356,1,2.223333333333333
1.4243075226486817,-2.3004608607108348,1,2.1437500000000003
1.606120015481853,-2.3210519483775975,1,2.1470833333333332
-0.08805083575402294,-2.987692319530986,1,1.96
-0.06651091523583999,-3.2224380911659223,1,1.971666666666667
-0.11139007748965533,-3.0433834190153153,1,1.9316666666666666
-0.10440176527059306,-3.05145076421746,1,1.9283333333333335
-0.24770701188239744,-3.0358488609666785,1,1.9658333333333333
-0.23576144128748622,-3.064845983927364,1,1.9583333333333333
-0.22061467832622478,-3.07154982277656,1,1.9629166666666669
-0.17851635736530044,-3.05567803487242,1,1.9649999999999999
-0.029080567738342677,-3.2495931088345835,1,1.9616666666666667
-0.20775678450360127,-3.2623296139199947,1,2.00375
-0.19860933749014636,-3.2793277537790737,1,1.99875
-0.2284182153947201,-2.8735277606248872,1,1.9087500000000002
0.29401249145666614,-2.3980454633855626,1,1.9833333333333334
0.8361169072462565,-2.6276542359513555,1,2.0695833333333336
-0.08640910892889088,-2.3464270346712013,1,1.8308333333333333
0.28855970069036624,-2.497509770022881,1,1.9558333333333333
0.8212738137234861,-2.3530189419895335,1,1.7916666666666667
0.8471287720999263,-2.195052914436502,1,1.83125
0.9486400207573226,-2.203822549892372,1,1.8170833333333334
0.988628585536998,-1.9901407341467998,1,1.8254166666666667
1.0418918484687119,-2.1842098224343767,1,1.7995833333333333
0.407257939151756,-1.058749114420758,1,1.905833333333333
0.8141402852589358,-1.4695909778335148,1,1.9820833333333334
0.7283630879108642,-0.9625845751238918,1,2.025
0.934816020435665,-1.3620353625808777,1,2.065
0.9582958932801214,-1.3008161665680578,1,2.1020833333333333
1.5319826910217065,-1.9628197109215304,1,1.9554166666666666
1.9542577474160554,-2.1316750198932284,1,1.9554166666666666
2.0958542307840444,-1.9380738605116532,1,1.9883333333333333
2.02815152047756,-1.9415349253810839,1,1.9637499999999999
1.9303571828913009,-2.127667899512664,1,1.9341666666666668
1.4435519196136444,-1.4679130443871895,1,2.0966666666666662
1.4200633067403816,-0.5477962389063941,1,1.9516666666666669
1.4646878598419986,-0.5769937244958886,1,1.9416666666666667
1.448771610651101,-0.43535574824816653,1,1.96
1.7728921886236673,-0.02340997379461118,1,1.7145833333333336
1.3012141500893548,0.18278814821012232,1,1.8687500000000001
2.7255149287224123,-1.3516060290630434,1,2.02
1.982784545117362,-1.8884660368015982,1,2.22125
2.5957119542266285,-1.3856345037978917,1,2.235
2.2604737048511465,-0.9399283527929214,1,1.7895833333333335
2.388631453616564,-2.532327542058706,1,2.04
1.8005486113019753,-2.278173806392341,1,1.9091666666666665
2.4819381882835625,-0.9307778827231692,1,1.7845833333333332
1.9326624332695597,-1.52208723736064,1,1.7612499999999998
2.7641880993545045,-1.7516681289160572,1,1.9220833333333331
2.676911646398807,-1.7478762172459648,1,1.8954166666666665
2.843127748433509,-1.7860527590864583,1,1.9170833333333335
3.259828576830946,-1.850482756093452,1,1.9608333333333334
2.360388768538018,-2.416764887469421,1,1.9070833333333332
2.6057595125664026,-1.6375905490627611,1,1.7787500000000003
1.4502455687517675,-1.3632073663218112,1,1.5654166666666667
2.18232361606189,-1.5316574249730341,1,1.72
1.3375664917610728,-1.3918593907523562,1,1.5200000000000002
1.4812828025913,-2.8430042252015437,1,1.9958333333333336
0.3855139751840026,-2.453414187978857,1,1.83875
1.1065206487195152,-1.9943867851236021,1,1.7204166666666667
1.632745606300343,-0.5461269341914177,1,1.5475
0.9860674611615003,-0.7313443332099434,1,1.8620833333333333
0.7138690013246297,-1.5881091456734466,1,1.8637500000000002
0.984814748621035,-0.7281655606285148,1,1.862916666666667
1.2816123770278096,-1.3681099974523994,1,1.7066666666666663
1.1860581139310498,-1.3033239464894855,1,1.687916666666667
0.7058314344279434,-0.9350216702449359,1,1.7958333333333336
1.0516108863984805,-1.4965444429093848,1,1.6512499999999999
1.1301914889910936,-1.6266562127350284,1,1.6166666666666665
1.0345169018963807,-2.1097258868091235,1,1.6870833333333335
1.1999836083627227,-2.071642027091397,1,1.6854166666666668
0.8550499208003799,-2.0421890105651848,1,1.6649999999999998
1.9903819999920922,-2.1383176486951663,1,2.1058333333333334
1.9908126994377093,-1.5649188337750721,1,1.7774999999999999
0.5061614154224785,-1.269463707415031,1,1.54375
0.5435135836961189,0.28195102508641295,1,1.5454166666666669
0.4389680216302774,-0.4380702355509415,1,1.7970833333333334
0.2628215519024964,-0.5350612224089207,1,1.7395833333333333
0.3304639715040198,-0.31834989950160897,1,1.7420833333333332
0.08431089176586429,-0.3176185178010313,1,1.6891666666666667
-0.4540755027883954,-0.6565212103215214,1,1.8487500000000001
-0.44917707436542664,-0.48992117469470886,1,1.8337500000000002
-1.1355067306719149,-1.0298355049791768,1,1.7145833333333336
-1.8242960420381888,-1.0871887027529075,2,1.8716666666666668
-1.0754609407795328,-0.7472523981518882,2,1.7408333333333335
-1.3445192484672555,-0.22067776267712577,2,1.8995833333333334
-0.9757232032024041,-0.10272529651647404,2,1.687083333333333
-0.32416725312068356,0.18135498751279527,2,1.5279166666666668
-0.6538885985879338,0.12064653794848491,2,1.7529166666666667
-0.38060247018011284,-0.44784288912191955,1,1.5916666666666668
-0.47882514480122146,0.40347849580253226,2,1.57625
-0.10657167469293358,0.18499495187037798,2,1.522916666666667
-0.30972993249641434,0.08209326862399337,2,1.45125
-0.5598991195105952,-0.0999176486157504,2,1.5599999999999998
-0.25347984223338865,0.624945221011096,2,1.4495833333333332
-1.205986785808871,-0.38466564166453293,2,1.7341666666666666
-1.4028462851487862,0.017094219739006346,2,1.8520833333333335
-1.1600965751518322,-0.43001374274888843,2,1.718333333333333
-1.1727016118172464,-0.496419266385191,2,1.7129166666666666
-1.3256928494622093,-0.060469432613880096,2,1.8454166666666667
-1.3282022598352017,-0.04949168537702607,2,1.8520833333333335
-0.7729005075064393,-1.0014226098954464,1,1.8816666666666666
-1.748397247799773,-0.9231767633101794,2,2.15875
-1.547539684191045,-1.422889810059192,1,2.0208333333333335
-1.9320109528355343,-0.48013276991513465,2,2.00625
-1.387558408593891,-0.7623415639069612,2,1.9075
-1.4491605436392523,-1.4932323004201034,1,2.0191666666666666
-1.3107047996334262,-0.9857747696047999,2,1.9458333333333335
-1.2684095839093155,-1.0322347780900756,2,1.9366666666666668
-0.5267936904106636,-0.17998292999632712,2,1.93
-1.1877128771451326,-1.118397430730057,1,1.937916666666667
-1.3349322527990635,-0.6422429059437782,2,2.080416666666667
-1.313047472057301,-0.6413032757267224,2,2.089166666666667
-0.5872813801766131,0.004635324768048882,2,1.8266666666666669
-0.4602044759782761,-0.07156925276152402,2,1.8312499999999998
-0.4381297901069032,-0.15910940900419887,2,1.8508333333333333
-0.5023602855137949,-0.0723463054581764,2,1.8020833333333333
-1.27350228174769,-0.6389806399849959,2,2.0091666666666668
-1.2277658021031979,-0.6763808111294672,2,2.010833333333333
-1.1400837855691102,-1.6996676690964994,1,1.9391666666666667
-0.09398311074792892,-1.0713495443813401,1,2.0487499999999996
-0.9608154959787777,-1.0478220110816863,1,2.0187500000000003
1.0737562507553977,-0.4490481991764208,1,1.9716666666666667
0.29121247107091575,-0.3610788761534664,1,1.87375
-0.1705372160263062,-0.29087161688769003,1,1.8020833333333333
0.4527721988790848,-1.2373956433988567,1,1.626666666666667
-0.2169386854198896,-0.8213217021302743,1,1.8779166666666667
0.5538652404143787,-1.3683135529523038,1,1.6037499999999998
1.0764982236074128,-0.8526521803758725,1,1.45625
0.17549281364968566,-0.7953251669319457,1,1.5866666666666667
0.5740483009290785,-0.9785777550719209,1,1.8120833333333335
0.8465488120856925,-1.0282293397572493,1,1.5291666666666668
0.25145076378705944,-0.7901701374837831,1,1.6004166666666666
0.3314099004372784,-0.9696875669726552,1,1.680416666666667
-0.6941016987040752,-1.3923671889961367,1,1.7575
-0.8840307534017688,-0.8627077358439857,1,1.9262500000000002
-1.5836878161986045,-0.9007348006146512,2,2.1512499999999997
-0.8338657481357672,-0.2447982016118341,2,2.120833333333333
-1.9782909904142878,-0.8648590896205683,2,2.047916666666666
-1.7929281790590679,-0.939195747991636,2,2.1179166666666664
-1.985734569329417,-0.8640503638514619,2,2.0466666666666664
-1.9816557938637755,-1.0416612261694516,2,2.0675
-1.9110089059209792,-1.5831668366971743,2,1.86
-1.7093162445251424,-1.6323599176180934,1,1.925
-1.176008159580691,-1.4202548767231165,1,1.7875000000000003
-0.9849373867646528,-1.2755877122536061,1,1.8329166666666667
-0.4811890690463618,-1.391170955681502,1,1.5829166666666667
-0.042165300113405954,-1.0378421034162542,1,1.6983333333333333
0.20367571493932105,-1.3300337181826003,1,1.4670833333333333
0.19761897701160666,-1.3275451756291283,1,1.4662499999999998
-0.1350479651778627,-2.6224412794229157,1,1.9204166666666669
-0.6988078730397281,-1.5237389272594475,1,1.62625
0.535530189605214,-1.8666532192072534,1,1.4775
0.5251910211677309,-1.5563842738032307,1,1.3891666666666669
-1.0761007980851425,-1.109158280436707,1,1.4883333333333333
-1.5363152823232633,-1.0734930405137695,2,1.5833333333333333
-2.5012985663227414,-1.1378930094591106,2,1.87375
-1.7139311117311447,-0.9098508882774182,2,1.8320833333333333
-1.9200633890130074,-0.9155811752516372,2,1.781666666666667
-1.863136570685346,-0.6944163424354761,2,1.7750000000000001
-2.310420144433518,-0.908386657010667,2,1.8483333333333334
-1.6819981473330583,-1.2041315265219,2,1.7075000000000002
-2.6418843620200954,-1.1232582373199231,2,1.8374999999999997
-2.093075506457625,-1.629074529288724,2,1.6883333333333332
-1.4918330165687157,-1.5655592782514405,1,1.6458333333333333
-2.0777558456974656,-1.7420142696400278,2,1.8504166666666666
-1.2923480607638511,-2.0178707745363944,1,2.03
-2.291840666025739,-0.3426667786942174,2,1.6845833333333333
-2.2581367158329715,0.13155513472137798,2,1.8295833333333331
-1.884466602915005,-0.33285211028593703,2,1.6075
-2.196617704679054,-0.5315816518327707,2,1.6729166666666666
-2.4878167338445745,-0.3426073250197754,2,1.61625
-2.1731571197637543,-1.2512971115019391,2,1.8187499999999999
-2.6515530375254555,0.04061010672688507,2,1.5429166666666667
-1.9790916917905257,-0.10680689419539292,2,1.42
-2.6841163335931904,0.07010206210526818,2,1.7145833333333336
-2.6625842556984662,0.9118858654462326,2,1.5620833333333335
-3.569100797981854,2.380841923245898,2,1.8883333333333334
-2.76847559477807,1.165092747186088,2,1.6029166666666665
-2.8539163909836893,1.3931032725491124,2,1.4408333333333332
-3.14427281901405,2.0766315857237423,2,1.6670833333333335
-3.0694515067135453,2.1905276931064925,2,1.6137500000000002
-2.182624058347317,1.2282160842651637,2,1.5158333333333331
-2.3899886280698612,3.0971117216029684,2,1.8433333333333335
-2.90444065731481,3.148091362024447,2,1.7145833333333333
-2.6496292311392278,3.063650284001031,2,1.7566666666666666
-3.187153740781502,3.067437106569519,2,1.7804166666666668
-2.5766161390014335,3.9907880163133824,2,1.9020833333333333
-2.9337561360380704,3.463902302383162,2,1.79625
-2.570653220713781,3.401068162244468,2,1.866666666666667
-2.6554837627174845,2.9020422054986805,2,1.7583333333333335
-3.1455616291555915,3.138900001789698,2,1.7400000000000002
-2.568346605849644,2.2877005503355408,2,1.52375
-3.022154344556003,3.088449376053121,2,1.750416666666667
-3.149904955415308,2.913435810756091,2,1.7141666666666666
-3.4409006188586186,2.9003051446584007,2,1.7262500000000003
-3.7795938842387846,2.7487260316561857,2,1.84375
-3.940627180886044,2.933419153265818,2,1.8879166666666667
-3.9423514266425013,2.9305212222424184,2,1.8875000000000002
-3.9425540244748265,2.9282046462980613,2,1.88875
-3.5701961144571897,2.8397594528792878,2,1.8441666666666665
-3.3259686174316276,2.9621071055682453,2,1.7395833333333333
-2.491058479354698,3.3744338918642027,2,1.9225
-2.5234928984845966,3.3354185678162835,2,1.555
-2.7293467781368856,2.97804739944333,2,1.5529166666666665
-2.547116069829615,3.3785106451169415,2,1.6658333333333335
-2.756105282824672,3.8655446095567623,2,1.7212499999999997
-2.9346845555657017,3.8874535772353216,2,1.7229166666666667
-2.7607904049864405,4.015404021956951,2,1.7700000000000002
-2.6493240698358065,4.21933619778801,2,1.7229166666666664
-2.816218569599472,4.308869953946801,2,1.6854166666666668
-2.7653862496364825,4.21577544252375,2,1.7083333333333333
-2.5437661932676026,4.04015022507033,2,1.7620833333333337
-2.545698993943828,4.034177701430801,2,1.7604166666666667
-2.8123420050930115,3.943693905386095,2,1.76875
-2.7501093334545432,3.9347142904463963,2,1.7616666666666667
-2.781413726238213,3.8922869384835934,2,1.7829166666666667
-2.644698878606892,3.9003045703008294,2,1.7595833333333333
-2.391751338076071,3.861129017101826,2,1.8333333333333333
-2.359730295446458,3.93040231525821,2,1.8020833333333333
-2.651517418266303,3.5391668282642024,2,2.00625
-1.892823793141778,3.694966222100306,2,1.9175000000000002
-2.5897683330625405,3.440167122533765,2,2.0041666666666664
-2.455650287734778,3.3497392402555244,2,2.0554166666666664
-1.8997955998377776,3.72239704966446,2,1.88375
-2.3055432715990225,2.8055564301938274,2,1.8458333333333332
-1.959153716257341,3.714216486571449,2,1.9216666666666666
-1.8146671367542975,3.700485990371392,2,1.8979166666666665
-2.370494099783305,3.3932784577500477,2,2.035833333333333
-1.8402518413143512,3.758687518951921,2,1.8491666666666668
-1.7999270655900192,3.6492531289389767,2,1.924166666666667
-2.330515192438267,2.795926232118035,2,1.8529166666666665
-2.4305192646353753,3.2177321007454536,2,2.0574999999999997
-2.125409548438079,2.6934387565936198,2,1.9075
-2.4491587019269283,3.3154645395081177,2,2.0341666666666667
-1.7989798329721904,3.6017771975452693,2,1.8970833333333335
-2.359882626114012,3.2983915761040152,2,2.0420833333333337
-2.4647618608893924,3.255349750895974,2,2.07375
-2.3657442666849406,3.109023126210148,2,2.105
-1.9620328171971044,2.806239768317973,2,2.0516666666666667
-2.423033138862637,2.9971066907416137,2,2.1541666666666663
-2.3530053889957085,2.970155725450573,2,2.1904166666666667
-2.0813463698890824,2.9830779540842522,2,2.1133333333333333
-2.0777657153186224,2.961339783623767,2,2.1216666666666666
-2.0234621906232424,3.086706029615996,2,2.1175
-2.000501109837578,2.936389673388897,2,2.1225
-1.5682304177390596,2.6075800063916277,2,2.0545833333333334
-1.5547801137365962,2.713176647672034,2,2.1062499999999997
-1.7803175833264278,2.8896858527210267,2,2.2045833333333333
-1.942560849487302,2.9636219079432644,2,2.1462499999999998
-0.8744828739564964,2.7123271452542452,2,1.9766666666666666
-0.7857351562630879,2.6785729650501096,2,1.9420833333333334
-1.5319854528512022,2.2994887093230574,2,2.092083333333333
-0.6092720138979676,2.5255100004670203,2,1.90625
-0.7458979818119851,2.2495559833162773,2,1.85875
-0.19493583247727597,2.1259171325484405,2,1.9533333333333334
-0.6813653682359188,2.1931387971683045,2,1.8608333333333331
-0.5024143898924748,2.319979295355294,2,1.8554166666666667
-0.5966656216932051,2.2478866834762137,2,1.8429166666666665
-0.6334623345517687,2.2264014014161426,2,1.8358333333333334
-0.5803101675677977,2.1846335769857546,2,1.846666666666667
-0.4970474812583631,2.1792349222768745,2,1.8462500000000002
-1.0792001613790911,1.8978111196210505,2,1.9595833333333335
-0.5276498255582269,2.5224286295352067,2,2.185416666666667
-0.4385491384149015,1.94561521218544,2,2.0650000000000004
-0.5613664352141732,2.2972055933361273,2,2.158333333333333
-0.5602265874207153,2.2974539897478095,2,2.1466666666666665
-0.033458537892662434,2.0612449291985526,2,2.15375
-0.13565329903872825,2.0734732329103602,2,2.095
0.4978473221678846,2.347784970237749,0,2.0966666666666667
0.3467754512005608,2.7354592035817675,2,2.19
0.23284885495764476,2.5279855904738073,2,2.17375
0.7883576001549247,2.893330568983942,0,2.1083333333333334
1.023982243410196,2.802811778588455,0,2.1770833333333335
1.1103862434531802,2.8973393889615546,0,2.137916666666667
1.1714062924249273,2.887368533357721,0,2.13375
2.197620668571752,4.28655071144793,0,2.358333333333333
1.850241798538765,3.5164469430409597,0,2.3708333333333336
1.3852628228881947,2.818803511575056,0,2.268333333333333
1.668332381941147,4.008195146046564,0,2.4533333333333336
1.8095626576265404,3.939750453077132,0,2.5091666666666668
1.7882784747970364,3.4765129672897648,0,2.2920833333333333
1.7897872001547033,3.6389797802229134,0,2.5004166666666667
1.6939929083718375,3.227879273094482,0,2.30125
2.122432322559017,3.938465494059996,0,2.4129166666666664
1.7823993647869607,3.059942164073342,0,2.3350000000000004
2.241939773262204,4.5152072270399195,0,2.52125
1.5152390041474653,3.5092779252894486,0,2.3641666666666667
1.5091926179471395,3.540696187567783,0,2.3329166666666663
1.4407886803036074,3.1599215149282895,0,2.3366666666666664
1.6740290417736274,3.321680380456624,0,2.3870833333333334
1.9164908841543953,3.6007926028229233,0,2.1445833333333333
2.454960179692203,4.438523301910028,0,2.297083333333333
2.8406772853206634,4.37528624775778,0,2.3570833333333336
2.3717788200751078,3.605754860543133,0,2.3716666666666666
2.6150749531415105,3.1874862868333094,0,2.2479166666666663
2.3317096435631512,3.119007078604265,0,2.1145833333333335
2.124416497416935,1.452849649992317,0,2.0716666666666668
2.6651975648634396,1.834001330365514,0,2.2045833333333333
2.7123881041809113,1.8046619358201292,0,2.205416666666667
1.6345406317773095,0.5840566535380599,0,1.9412500000000001
2.163246395040227,0.9416194641980709,0,2.0695833333333336
1.8161908386476047,-0.3386728648055598,1,2.035833333333333
1.5642050519841602,0.5337321563840549,0,1.8695833333333332
1.501316156583865,0.472902473208482,0,1.8870833333333332
1.6255279967506364,0.49243847824780573,0,1.8695833333333332
1.5398014165277931,1.1538576267996696,0,1.7924999999999998
1.7042071278302087,1.2466144186416264,0,1.8087499999999999
1.8433857184315425,1.2338879389035078,0,1.8550000000000002
2.158821089640983,1.726713222505661,0,1.8958333333333333
1.8596574024303916,1.3987237206147294,0,1.8270833333333332
2.2083110340038417,2.5216967632083898,0,2.105
2.1154548620321405,1.8026689066467123,0,2.077083333333333
1.9851522859534048,2.132432930520476,0,1.9974999999999998
1.996626865892309,2.1376400699462637,0,1.9979166666666668
2.0065818338726666,2.135530518191942,0,1.9970833333333333
2.006621079184331,2.1399723068253778,0,1.9974999999999998
2.1796665406170876,1.652007487824413,0,1.8554166666666667
2.2292622386987246,1.671752776726912,0,1.8466666666666667
2.235561469935187,1.6693494452553594,0,1.8475
2.252885361955643,1.6427904663717172,0,1.8520833333333335
2.7236028422258474,2.007098622057474,0,1.9712500000000002
2.535899557908917,1.716421975566263,0,1.91875
2.235179259397946,1.6295115545686973,0,1.86
2.5937748078020726,2.1229975230190465,0,1.955
2.0690006192267645,1.3473679093781263,0,1.8066666666666666
2.084121977747373,1.352488020689517,0,1.8087499999999999
2.5883322163198126,1.6645093659974657,0,1.9170833333333335
2.594543455803401,1.6598217658090089,0,1.9179166666666667
2.0444240024579847,1.1957198642407463,0,1.772916666666667
2.1468008813292676,1.298141889630447,0,1.79625
2.3366484277748683,0.6662666995740635,0,1.8875
2.339080817812873,0.6376503359506196,0,1.8991666666666667
1.9157530842454276,1.128272661098521,0,1.79875
2.6270615713597367,2.04106615092548,0,1.9783333333333335
2.7321464539497993,2.0883084533641925,0,1.9637499999999999
3.381504040629585,2.3545770735226386,0,2.1308333333333334
2.5847753572127536,1.6495369263118727,0,1.9404166666666667
2.6554404586269746,1.5625510359297237,0,1.9741666666666668
2.657357194480875,1.5589557761225512,0,1.9729166666666664
1.9723062561744424,1.0083802472637522,0,1.789583333333333
1.9782189800519248,1.011954411099569,0,1.7908333333333333
2.7685547064205402,2.13065782122875,0,1.9954166666666666
3.3257776402216233,2.082647123040429,0,2.0866666666666664
2.6319904594289913,0.9359293757729332,0,2.064166666666667
3.339003231675195,2.087057190524636,0,2.0879166666666666
3.092102994128104,1.6910651002413313,0,2.0333333333333337
2.5484288654781935,1.7268481583580384,0,1.9441666666666668
2.6228166253971166,1.8174587083127542,0,1.9225
3.4354807383877914,2.1097743168959293,0,2.1199999999999997
2.746004498803662,2.261886202514547,0,1.955
2.7255460063137305,2.068015490013188,0,1.9645833333333336
2.5390415096694605,1.8379029842510697,0,1.9495833333333332
2.778892963304832,2.2123430301690683,0,1.9991666666666668
2.8590510658356574,2.274246346774893,0,1.9675
2.6799914856539964,1.94300876365018,0,1.9075
2.928459285331644,2.3083276501931573,0,1.9554166666666666
2.833322929718526,2.321116209556671,0,1.9795833333333333
2.832129004491135,2.336477250320385,0,1.9741666666666664
2.930813485103104,2.311826606231346,0,1.9479166666666667
2.5620912912058533,2.901538691330159,0,2.1029166666666668
2.2203511698027274,2.286495117620269,0,1.9637499999999999
2.9524444802313945,2.314254387614189,0,1.9504166666666667
3.0557068740582958,2.8489327747488695,0,2.2116666666666664
2.825762857240712,2.365851069059262,0,1.9841666666666669
2.881665448487317,2.2383650676766957,0,1.9695833333333332
2.6406740381845495,2.878589141601696,0,2.0954166666666665
3.2582256464939676,2.715513362045477,0,2.16625
3.2633321796405426,3.7458415520466923,0,2.2275
3.0897753002821142,3.618778593315349,0,2.1945833333333336
2.5990496359993456,1.8885014235959183,0,2.08
3.0970428984895095,2.1864825391567826,0,1.9395833333333332
4.057984749970318,3.473560401438322,0,2.22125
4.301055146573206,2.6361346829355417,0,2.2408333333333332
4.325267727443415,2.5900714300445014,0,2.2416666666666667
3.9373487797829805,2.3754567173551124,0,2.2433333333333336
3.9266885262834887,2.3806945754071647,0,2.2554166666666666
3.5921801305199055,1.0966049658673347,0,2.200833333333333
3.995389780791238,1.9253472612494962,0,2.2358333333333333
3.600936988224751,1.5644678472030413,0,2.12125
3.1331919815111577,1.8272978388707746,0,2.018333333333333
4.047749903431506,1.5978544919053241,0,2.2066666666666666
3.78008219572267,2.1223551081000616,0,2.0875
3.3009567545888823,2.091672910679032,0,2.2083333333333335
3.1871289744038562,1.5612632080356386,0,2.1566666666666667
3.128660567779388,1.3210193751559625,0,1.8491666666666664
3.978551291065909,2.2019748126938454,0,2.0316666666666667
4.778528972574748,3.042479166451509,0,2.1991666666666667
3.8737639081655817,1.8654207308542903,0,1.9516666666666669
3.947392651601854,1.8307916222944973,0,1.937916666666667
3.685879980206908,0.86402488666677,0,1.8237499999999998
3.69405424063191,2.380637331228651,0,2.0904166666666666
3.727481840996931,0.7383907958513372,0,1.8095833333333333
3.3824087008668364,2.41280430709258,0,2.027083333333333
3.9464217380931736,2.0446956145545334,0,1.8879166666666667
4.284843583797761,2.2804638245635735,0,2.0720833333333335
4.202093945652507,1.5046849981795414,0,1.985
4.304881959235484,1.8022113650967533,0,1.970416666666667
4.3310375002079775,1.3722206166344242,0,1.93875
4.2830212240543055,1.3657613612351107,0,1.93
5.208819739164706,1.7037437015799892,0,2.09625
3.4931585422351157,1.906134342028741,0,2.0258333333333334
3.943981966516549,1.6975132362092704,0,2.044166666666667
4.087888034015094,1.944938202838947,0,2.06125
4.18087164499512,1.6642122029993647,0,2.0141666666666667
4.415868328594242,1.7894978776879618,0,1.9675
5.335417595139991,2.0065096041377837,0,2.359583333333333
3.9658345028287085,1.9443696738058458,0,2.0420833333333333
4.2764149960435764,1.9865295866622035,0,1.98375
3.3492753482016195,3.037864203817295,0,1.9845833333333331
5.473088869113025,3.5331506291984485,0,2.209166666666667
5.024959621959319,3.7166054572526064,0,2.18625
4.962261707845306,2.7344279465258183,0,1.8879166666666667
5.0483437519443335,2.984331244734551,0,2.0083333333333333
5.143637954167947,2.772239869061409,0,2.393333333333333
3.7647545182898536,2.6622684983601865,0,1.7833333333333332
4.491290595139026,3.1461360283047273,0,1.9141666666666666
4.406418860837192,4.269259179821874,0,2.23875
5.024843234240602,4.10043658109179,0,2.419583333333333
4.67678032594752,4.943898207518834,0,2.2737499999999997
5.1385880896947,5.265575476029271,0,2.3504166666666664
4.975719982108817,4.053416392639653,0,2.2425
5.080168434166007,3.484619337214844,0,2.0241666666666664
5.802423289345598,4.387308864412358,0,2.2108333333333334
5.298666218303294,4.079211238863528,0,2.1316666666666664
5.610582718944659,4.169434844710448,0,2.1783333333333332
5.846055159292585,4.316810761056441,0,2.235416666666667
6.031851937811908,3.251648358813255,0,2.419583333333333
5.553857165565229,3.9443820283507605,0,2.23
4.945226469757481,3.076805755088885,0,2.1316666666666664
5.315914376340553,3.461362304867587,0,2.3008333333333337
4.89174024219873,3.0806306124035476,0,2.081666666666667
6.0573316462072935,3.552006767444285,0,2.1758333333333333
5.090376093537003,2.3609311736880896,0,1.8891666666666669
5.298350224507035,2.092331099659891,0,1.9562499999999998
4.48274935346783,3.0397889392849935,0,2.0254166666666666
4.364364830325963,2.290548458746554,0,1.8808333333333334
5.245578162287202,1.84847234498165,0,1.995
4.535881891531111,2.6780106921923084,0,2.122916666666667
4.767290805941146,1.9093968841787847,0,1.9758333333333333
5.634762629360765,2.518321393232195,0,2.0166666666666666
5.148820245197522,1.1807218121888137,0,1.9154166666666665
4.690420253865969,1.2184726243027504,0,1.7862500000000001
5.155238605379492,2.391674201785697,0,1.9437499999999999
4.885976394180215,2.0231439847044026,0,1.9979166666666668
5.253876612173339,1.7504041251417584,0,2.1525
5.404954636739061,1.5376737262766162,0,2.2154166666666666
4.4186060860577765,1.7151334710255979,0,2.00375
4.485772618704038,1.097433286415222,0,2.1758333333333333
5.45627481732863,1.8480645531758777,0,2.19875
5.363491402461383,0.40913226328676866,0,1.9054166666666665
5.260448556715504,0.4404036637635704,0,1.88
5.323252004220475,1.3444659228591727,0,1.8983333333333334
5.821927017601633,0.5532027262774946,0,2.3366666666666664
5.728706458075182,2.4409014100950412,0,2.5066666666666664
6.831992925254885,2.030086038610796,0,2.410833333333333
3.8233949032699606,0.0019997862442431274,0,2.049166666666667
4.427885495722667,-0.07787554032518997,0,2.1095833333333336
5.489993186779501,0.2988698060031858,0,2.0258333333333334
5.104270174854958,0.9920697421611343,0,2.1466666666666665
4.591907301031205,1.0046587969875103,0,1.9920833333333334
3.7260834986831513,-0.18627347417253734,0,1.7270833333333335
4.1099519437879675,0.8151189183433996,0,1.8420833333333333
3.82714633009526,-0.49858577029165124,0,1.8120833333333335
3.853198015742641,0.2258544978231991,0,1.9358333333333333
3.157645244401877,-0.7628144549474298,0,2.09625
2.8580652005056097,-0.19006154734169478,0,1.7083333333333333
2.727802399073652,-0.19262270953472718,0,1.6754166666666668
2.7454547254045125,-0.35978891628135545,0,1.7466666666666668
4.037805416396367,1.896500314180857,0,2.0308333333333333
4.0352518732720455,1.8987508708556466,0,2.0316666666666667
3.3533311506213748,0.687710936082083,0,1.845
3.835285927426703,2.4260912325040795,0,2.2258333333333336
4.052203069656307,1.8946030876808784,0,2.0066666666666664
3.407917471372029,0.11689860008860742,0,1.9645833333333333
1.9872726298766938,-0.9119419871902422,1,1.9516666666666664
3.363228844525582,-0.6899966368802973,0,1.8966666666666665
2.8085267055192693,-0.9503546086858116,1,1.8391666666666666
3.4109847098545223,-1.062568998728834,0,1.8916666666666666
2.681656334697205,-0.8126991864897197,1,1.6795833333333334
2.2617829985674427,-0.6113304769948873,1,1.7325
1.55845682887295,-0.34673239235097825,1,1.78875
1.4497682169344797,-0.2577166010261616,1,1.75125
3.069703384321965,0.1570683219399195,0,1.9516666666666669
2.3617264330964836,-0.14276195668634298,0,1.7820833333333332
2.350216834433419,-0.17207922823896676,0,1.7879166666666666
2.166982539382526,0.5963299046347504,0,2.1162500000000004
2.874155397144496,1.116943844323367,0,2.2658333333333336
1.5907471000378446,-0.22540761976594398,1,1.99125
2.0184450951612227,1.286030465736344,0,1.8779166666666667
1.9471358261216447,1.6477500813930226,0,2.1854166666666663
1.3477864673877276,1.1041972315119417,0,2.0145833333333334
3.413911231401304,1.3639715099929626,0,2.4008333333333334
3.6205066689365273,1.128269920815784,0,2.4966666666666666
2.797648024390831,-0.02896174639997727,0,2.075416666666667
3.950830755497236,0.9031644261927766,0,2.3129166666666667
3.98644018824423,0.9793166435572376,0,2.2783333333333333
4.069267256053872,1.0775777012268182,0,2.21125
3.69814931915321,0.06476575151030774,0,2.04625
2.997114258564125,0.03689280095777423,0,2.0454166666666667
2.362649268318936,0.29184233244434643,0,1.8866666666666667
2.4063662723032917,0.2559023640354509,0,1.8795833333333334
3.4569723278573514,-0.5389489786398967,0,2.1045833333333333
1.8894871437663436,-0.4215904273466581,1,1.7408333333333335
4.231534612904531,-1.221849831496642,0,2.0616666666666665
2.7042642943334543,-2.0001501456268675,1,1.9574999999999998
4.1259719648155135,-0.7449536560348015,0,1.8754166666666665
4.092699736313374,-0.6851916422374043,0,1.8358333333333334
2.9098251463695344,-0.4013503750312423,0,1.7308333333333332
2.999082368408695,-0.5611074445338685,0,1.6854166666666666
2.4695233535244068,-1.0687783105595077,1,1.4766666666666666
1.5460746066267363,-1.11843681964933,1,1.6875
3.853957825671072,-1.358202299978848,0,1.9349999999999998
3.0043779316426584,-1.5925885142335983,1,2.13875
3.015499718998346,-1.5447328821178112,1,2.1300000000000003
2.9537159968016162,-1.6223735138775304,1,2.1279166666666667
3.019129702658176,-1.549227800969328,1,2.129583333333333
2.9670467364498916,-1.5968563636118438,1,2.1254166666666667
3.4879098657699563,-1.5965139463943567,1,2.025
3.67172195858433,-1.1564316955959735,0,2.1033333333333335
3.4784075729207165,-0.6046218467848117,0,1.9654166666666668
1.9133344692258618,-1.2705518573461012,1,1.9766666666666666
2.8028311852746812,-1.1415184574108799,1,2.0304166666666665
2.191976172334873,-1.2035402931307089,1,1.9833333333333334
3.2505334880439336,-0.9385273992592833,0,2.1266666666666665
2.363573400257861,-0.9651320392349139,1,1.8812500000000003
1.6279315689968967,-1.1097269977284452,1,2.0204166666666663
2.9346546881258107,-2.2117238994846415,1,2.4233333333333333
2.355842392169871,-2.6028736054244828,1,2.355
0.36833583709901535,-2.7852540691679852,1,2.0104166666666665
1.8025560268229959,-2.290100645307658,1,1.9349999999999998
2.4793494501817985,-2.5862849275666138,1,1.8425
2.0798738355477577,-1.8787111845076425,1,1.6883333333333332
2.870623934187587,-2.031737138218165,1,1.8575
3.0129612982917084,-2.3994113301992486,1,2.0008333333333335
2.8139494390255595,-2.4864819828162337,1,2.0262499999999997
2.176960577634012,-2.3501627216326857,1,2.19375
2.4789976624837022,-2.7063053031778694,1,2.097916666666667
3.3929653547675813,-1.9368556440466405,1,2.063333333333333
4.871262036423609,-2.4621923567531043,1,2.2733333333333334
3.503962669908464,-2.4181172086653397,1,2.6020833333333333
3.0382994952791265,-3.0170674714956984,1,2.2783333333333338
2.9714805486263134,-2.8889867780711778,1,2.245
3.0595831412025767,-2.5984057738457156,1,2.2741666666666664
3.0279155881708695,-2.6346298298092967,1,2.263333333333333
2.1382084583880356,-2.419184195858272,1,1.8062500000000001
1.1166382237914958,-2.8404135164303606,1,2.0941666666666667
1.2180428148988798,-2.3515141083106776,1,1.9979166666666668
1.3862443273062397,-2.4899204112876836,1,2.0620833333333333
2.5467293872465486,-3.362869247880546,1,2.1291666666666664
2.4849992792988025,-3.423756932875083,1,2.1604166666666664
2.482572831895902,-3.4236279724661047,1,2.1595833333333334
2.4868927347211396,-3.390793485792711,1,2.140416666666667
2.4172482051908784,-3.1815292528688177,1,2.1070833333333336
2.2413337176345416,-3.220693420394762,1,2.13625
2.313760650238783,-3.379065850798573,1,2.1133333333333333
3.0904929213416255,-2.527648386317452,1,2.19125
2.0609662306165424,-1.6380092803714208,1,1.8254166666666667
1.2445274064767466,-0.5495103551839853,1,1.81375
0.8393091436322196,-1.7892488707370195,1,2.0504166666666666
0.726427567314418,-2.4689051260313035,1,1.8820833333333333
0.1250837197665174,-2.351656584050113,1,2.0108333333333333
0.6477575341314495,-2.638527223222616,1,1.9349999999999998
0.7128720618881639,-2.707925853590961,1,1.9400000000000002
0.5879519872875417,-2.525640604877141,1,1.9808333333333332
1.418695455645764,-1.5618032156362514,1,2.0050000000000003
-1.1772254656761174,-0.9044343706347323,2,1.6420833333333331
-0.48466347846081403,-0.7732752457835216,1,1.8770833333333332
-1.4562838160991354,-1.2203649023231746,2,1.675
0.016505308419020023,-1.3190238679443902,1,1.8004166666666663
-0.19303488927442553,-1.2561158032627233,1,1.7554166666666668
-0.4164908049801465,-0.6145782451044212,1,1.9479166666666667
-1.7272322857683597,-0.7077546137283879,2,1.9087500000000002
1.0713771800834784,-1.8955310628291941,1,2.296666666666667
-1.489670155282598,-0.5532030622817924,2,2.2437500000000004
-2.003672055894224,0.44254988797331113,2,2.1541666666666663
-1.6093385321768812,-0.581757916573202,2,2.1054166666666667
-0.6537865033177361,1.3481210540787831,2,2.1125000000000003
-2.6220308233053395,-0.10537134850963072,2,2.047916666666666
-2.2129050110529196,0.15821309618787108,2,1.7716666666666665
-2.675150350397409,-0.22564642597141313,2,2.0554166666666664
-3.0708762818704294,-0.320547306788337,2,2.1191666666666666
-2.432376477268984,-0.7790337763544629,2,1.9054166666666668
-1.4519914797772004,-1.413535424466416,1,1.9416666666666667
-1.2879528440679466,0.06591246536784946,2,1.9408333333333336
-1.3778803788157379,0.5970115674739854,2,1.9733333333333334
-2.8522510794869107,0.7250831284312792,2,1.9858333333333336
-2.5771670506099946,0.09669906447326045,2,1.845416666666667
-2.8252621277604946,0.644138317490594,2,2.0229166666666667
-2.47753092881214,0.18381745272872116,2,2.2070833333333333
-2.466941996760732,0.20891028594654543,2,2.205416666666667
-3.2089988443440736,1.3896565611542135,2,1.8620833333333333
-2.7802977610454715,0.6533536260679141,2,2.0304166666666665
-2.8057375304228316,0.618368950458353,2,2.018333333333333
-2.5360842405315647,0.05479997420039726,2,1.8633333333333333
-2.244467086404235,1.0748344812325092,2,1.5895833333333336
-2.32051920172586,1.1765928565896764,2,1.62125
-2.3190283001921674,1.1154073492151553,2,1.6129166666666668
-2.5030589586441683,1.6997133077041435,2,1.7833333333333332
-2.4693517871757615,1.6470842054627037,2,1.7858333333333334
-2.4494140613010105,1.614214350495884,2,1.7883333333333333
-2.1084009632265066,1.1425525235307434,2,1.9591666666666667
-2.086513539192032,1.1169413081628046,2,1.9587500000000002
-2.503190477384586,0.23406901420979626,2,1.9008333333333332
-2.39522316062794,0.1744367661941529,2,1.8849999999999998
-2.644034058960714,0.7667595227219038,2,2.075833333333333
-2.5350520316492386,0.6910063089236187,2,2.0516666666666663
-2.735844886508877,-0.2829791596079691,2,2.1941666666666664
-2.754115667983084,-0.48182693542163324,2,1.8916666666666666
-2.7963336220346666,-0.4970694836769482,2,1.9116666666666664
-2.953443870620845,0.08662413810400295,2,2.0270833333333336
-2.69972312097838,-0.4925900478858594,2,1.8687499999999997
-2.9025656493194054,0.012543015369669933,2,2.0258333333333334
-2.8679825162601627,0.008823825600281715,2,2.0316666666666667
-2.873921982577501,0.03484917201285514,2,2.0433333333333334
-2.5655268371791595,-0.3841845572551774,2,2.2204166666666665
-2.480757777445962,-0.7646460258704122,2,2.122916666666667
-2.3097012815137705,-0.754650264368989,2,2.1175
-2.3805532508157143,-0.7876948215332198,2,2.1058333333333334
-2.305576120691239,-0.7650292365524525,2,2.1170833333333334
-2.313882147655465,-0.968067155086584,2,2.0558333333333336
-2.3718491467639344,-0.7986107376769351,2,2.1054166666666667
-2.397649310315341,-0.8275574840471959,2,2.097916666666667
-2.0980922922154077,0.0996141618816123,2,1.9683333333333335
-2.173454673757084,0.06360609370121918,2,1.9562499999999998
-2.3925234745727524,-0.8291822062519812,2,2.0991666666666666
-2.1642452339600022,0.060264326837199525,2,1.9558333333333333
-2.3796635382675797,-0.8275217025889692,2,2.09875
-2.3431154221332107,-0.7752746750723857,2,2.139583333333333
-2.329023396829712,-0.8084278777619158,2,2.10875
-2.3405814788876653,-0.8291795040541928,2,2.1058333333333334
-2.1374331458161904,-0.3328046636248587,2,2.044166666666667
-2.1907435044675743,0.07509786699712945,2,1.98375
-2.3626983963219845,-0.8316714562066531,2,2.1308333333333334
-2.1681291083472836,-0.35654742098893255,2,2.0316666666666667
-2.2540276184433674,-0.8340087967550927,2,2.1191666666666666
-2.12375222331614,0.05866616653362126,2,1.9908333333333335
-2.339089410797435,-0.8717584752237982,2,2.1033333333333335
-1.3960475951860467,0.962159027316805,2,2.151666666666667
-2.316651659978926,-0.8759581983898974,2,2.1045833333333337
-2.207996796677634,-0.8656118075307233,2,2.1208333333333336
-2.223914017903337,-1.093314630344479,2,2.049583333333333
-2.127607854627344,-1.077763791395084,2,2.0620833333333333
-2.243061709567835,-0.9649166327949615,2,2.0979166666666664
-2.051985822517229,-0.4681468627761177,2,2.0329166666666665
-2.1587162415338526,0.20616810458368237,2,1.8266666666666669
-1.7912069908827517,-0.30973844056645095,2,1.9391666666666667
-1.9878928761808636,-0.538598485707441,2,2.049166666666667
-2.103613900572109,-0.11563296627359826,2,2.1779166666666665
-1.9666110776012544,-0.5975278185110391,2,2.044583333333333
-2.6225548344103458,-0.050106381595158456,2,2.3045833333333334
-2.0789055400591185,-0.16905341855227402,2,2.1791666666666667
-1.8546483116704104,-0.8778038693301983,2,1.9804166666666667
-1.8850209257793138,-0.848619498052834,2,1.9937500000000001
-1.8513247263670347,-0.8713451160773581,2,1.9933333333333334
-1.8217206974372824,-0.9163148282746447,2,1.9891666666666667
-2.0247038906967503,-0.30988640778357635,2,2.1704166666666667
-2.0290791949615143,-0.6284285425368438,2,1.8554166666666667
-1.7550513633315277,-0.9751586643918448,2,2.0041666666666664
-1.9807663872208836,-1.0120765607359734,2,1.9045833333333333
-2.057836931075055,-0.49412950733615085,2,1.8854166666666667
-1.6431712654581765,-0.23523449119964882,2,2.015
-2.098665224506783,-0.6847468171377543,2,1.8325000000000002
-1.7131436514383849,-1.4752515578753957,2,1.9795833333333335
-1.9802546033293529,-0.6461546807771976,2,1.8466666666666667
-1.715964333092241,-1.4760873595002488,2,1.9791666666666667
-1.9889272091036554,-0.6574933790508711,2,1.8470833333333332
-2.345408550404154,-1.2213600927257335,2,2.0954166666666665
-2.6375197406262902,-0.3478993559468531,2,1.9779166666666665
-2.227408701225692,-0.8464473880566714,2,2.27
-2.8522640892854962,-0.9557783151523587,2,2.05875
-2.5630087308259344,-0.7134073043117786,2,1.9683333333333335
-2.7013818862612626,-0.9150409308139491,2,2.0425
-2.29923522924553,-1.2619779982969974,2,2.0425
-2.5021899112760404,-1.206044453120711,2,2.0366666666666666
-2.4999845978027633,-0.8001759585075454,2,1.9845833333333331
-1.9984661325444082,-0.8570251695192354,2,1.8629166666666663
-2.016166526023067,-1.524977170490247,2,1.915
-1.8477508987321185,-0.9908409782898461,2,1.8795833333333334
-1.9076618074488987,-0.8958222762310838,2,1.8462499999999997
-2.0086145440925764,-0.9547552125186636,2,1.8270833333333334
-2.33224550932673,-0.8787922532230464,2,1.9637499999999999
-2.0131182908517045,-0.5958259580536409,2,1.7837500000000002
-1.8015993365184453,-1.0703741056390357,2,1.8279166666666669
-1.933046415696707,-0.7932378923680837,2,1.7466666666666668
-2.0955572120169577,-0.6753463722018505,2,1.689166666666667
-1.8734891297389624,-1.7063289403588655,2,1.8537499999999998
-1.890481248143158,-1.227194475206459,2,1.78125
-1.6733084963318399,-0.7252723845738033,2,1.6829166666666666
-2.50726552289764,-0.7177011056834453,2,1.96
-2.569791002404485,-0.7363004664593885,2,1.8624999999999998
-2.7563766826144733,-0.7661838392285464,2,1.91125
-2.7580428740703966,-0.7601118100229916,2,1.9133333333333333
-2.694843779986344,-0.683269816297977,2,1.8824999999999996
-2.788770350837105,-0.6622545734283666,2,1.8945833333333333
-2.5511466590869833,-0.4168842054498655,2,1.8575
-2.258104346643513,-1.2854136693576308,2,1.8995833333333334
-2.0672422160129797,-1.212519698647864,2,1.92125
-1.9440809569928457,-0.8907983649080493,2,1.8445833333333332
-2.060967814778421,-0.021369288188114472,2,1.7170833333333333
-2.3771659663580937,-1.0811941085098549,2,1.9191666666666667
-2.607112051175684,-1.148819441314806,2,1.9766666666666666
-2.633448527733332,-0.2863423217122235,2,1.78125
-2.477080168587817,-1.269714062929297,2,1.9291666666666665
-2.7883369378926077,-0.21413280945020188,2,1.7904166666666665
-2.792371890132604,-0.23145058401485616,2,1.7425
-2.735655970633227,-0.2852330345171307,2,1.8470833333333336
-2.839795730886812,-0.4686770423341624,2,1.845
-2.5096299443497156,-0.32460976320092355,2,1.718333333333333
-2.6014161668508278,-0.3353469063639002,2,1.7837500000000002
-2.601667268142859,-0.3353521589734038,2,1.7829166666666667
-2.767036921450281,-0.34883239328303783,2,1.7758333333333336
-2.7590303259347286,-0.33171137717344346,2,1.7766666666666666
-2.029279455825073,0.84160594127898,2,1.9554166666666666
-2.0275976554917077,-0.0026740961571373296,2,1.6520833333333333
-1.9839814224484242,0.03211465788176548,2,1.657916666666667
-2.1085845005554025,-0.0038769462128392866,2,1.6854166666666666
-2.0856576445669797,-0.0633025907471846,2,1.6875
-1.9570256156906949,-0.0688497702293407,2,1.7270833333333335
-1.8332241982543223,-0.11688163323265635,2,1.7550000000000001
-1.666882072244515,-0.7323309026316215,2,1.8462500000000002
-2.175238273406461,-0.06158652090959103,2,2.0066666666666664
-2.1866164120834353,-0.03798393229469176,2,1.9891666666666665
-2.464785048458335,0.837616163464942,2,1.8470833333333332
-2.6346731886757437,0.5603648389284346,2,1.9808333333333332
-1.7140552311819288,0.3493498496154526,2,1.8020833333333333
-1.687615422226509,0.3307763204839692,2,1.7979166666666666
-1.1073117162856791,0.23948463402942305,2,1.9783333333333335
-1.039905414009347,0.28324570061662524,2,1.9520833333333334
-1.0296639934826906,0.23477833887876598,2,1.9645833333333333
-0.956921921849882,0.2592836045635578,2,1.9645833333333333
-1.6887418191840955,0.43213806341046307,2,1.8341666666666665
-1.743335049805893,0.4190466694896981,2,1.8266666666666669
-2.2437519372289714,1.03880586072666,2,1.9491666666666667
-2.128659520430236,1.1686324407473745,2,1.9745833333333334
-2.091927821038592,1.1525618527513954,2,1.9766666666666666
-2.161598751289442,0.9788649127408823,2,1.9541666666666668
-2.130229612227368,0.9305074546100064,2,1.96125
-2.0788581856473773,0.9487754976864211,2,1.9600000000000002
-1.906891801945496,0.9523268538405035,2,1.9366666666666665
-1.8457552059403135,0.9634478075449678,2,1.9475
-1.8170496488535381,0.8162398834190293,2,2.0
-1.2590849222781402,0.25088001420191813,2,1.8558333333333332
-0.8989171445154249,0.5330911442828977,2,2.1662500000000002
-0.886105172367042,0.5484653177157238,2,2.14125
-0.7256125703072905,0.5874150819865502,2,2.09125
-1.105279928408833,0.500264760540545,2,2.1729166666666666
-0.49073307927418935,-0.23021231702843512,2,2.223333333333333
-0.5357901476001993,-0.35219945410388415,1,2.315
-0.04979801052412218,-1.1453420266681513,1,2.390416666666667
-0.35484473909627334,0.40985601780524644,2,2.143333333333333
-0.7348573669449326,0.32629676064044705,2,2.214583333333333
-0.5912454343182647,-0.5452932162234236,1,2.3541666666666665
-0.15657096490700753,-0.5025679029493461,1,2.2741666666666664
-0.2737102001792818,-0.7107805883758594,1,2.262916666666667
0.017979087401918614,-1.04529694962555,1,2.5262499999999997
0.5033687232384934,-1.1483654395633793,1,2.5083333333333333
0.5707679931394822,-1.145052624587778,1,2.502083333333333
-0.006322335157520405,-0.9770883817441351,1,2.361666666666667
0.9771177828827626,-1.7019905382603575,1,2.598333333333333
0.5061124502965858,-0.4394718536312569,1,2.69125
-0.2527542163508239,-0.23071256811555857,1,2.534166666666667
-0.6635170802320232,-0.19631718280685875,2,2.654166666666667
-0.9606952074795166,0.5020280505369061,2,2.53875
-0.5882194430642629,-0.037996721464536164,2,2.6445833333333333
-0.6145819522472583,0.27571363321994097,2,2.5254166666666666
-0.5314775605676256,0.1265413557504082,2,2.6558333333333333
-0.6420743959149247,-0.13158995121687775,2,2.655416666666667
-0.5241481978960821,-0.26371861168077065,2,2.607083333333333
-0.6513939247446983,-0.1372363152983209,2,2.651666666666667
-1.1002162074265562,0.3404303821056558,2,2.6445833333333333
-1.2900769247799893,0.31135473392558854,2,2.677916666666667
-1.0888985751418727,0.35550898441012047,2,2.645
-0.6748217773841011,0.24994575347254885,2,2.7154166666666666
-0.9970704812835085,-0.2610554991000048,2,2.515416666666667
-0.19550698309672265,-0.8341271045103926,1,2.6020833333333333
-0.849121009849583,-0.7415707810348021,1,2.5354166666666664
-0.5398957357085727,-0.46856871616149975,1,2.4791666666666665
0.9517185545591663,-1.5143949227391962,1,2.565
0.930462036293811,-1.5672094954258262,1,2.5720833333333335
0.37557462951276127,-0.6137878366235879,1,2.5633333333333335
1.0052847751655651,-1.9114057529039443,1,2.5091666666666668
1.0767397766734255,-1.9160546087134371,1,2.4941666666666666
1.5646681052953924,-1.8849840061300047,1,2.584166666666667
1.3850997979944393,-1.859841149820528,1,2.640833333333333
1.4372814213561858,-1.5303009691874292,1,2.5170833333333333
0.7434072647123593,-1.3890056658157452,1,2.362083333333333
1.4691388195118402,-2.5415727927892218,1,2.279166666666667
1.876617908865302,-2.0963388006780423,1,2.3045833333333334
1.5246857182320448,-2.282048949540765,1,2.310416666666667
1.6078955699554238,-2.3221957970357856,1,2.3383333333333334
1.4511982062708177,-2.089800450003562,1,2.2770833333333336
1.541148463017158,-2.5314816907538815,1,2.4258333333333333
1.7121108005530907,-2.5632371807527043,1,2.3829166666666666
1.7313511979245442,-2.7625774910416823,1,2.4104166666666664
1.4647656538703775,-2.279675730913144,1,2.30625
1.7083019628950884,-2.9219287632271933,1,2.4924999999999997
1.7627588120627309,-2.711173043302296,1,2.4604166666666667
1.0272601967590258,-2.2034821207242916,1,2.21375
2.31170121276668,-1.9929916871256148,1,2.6058333333333334
0.8103358924436689,-1.6216129329446347,1,2.2895833333333333
0.7500434510966921,-1.62400002852231,1,2.285
1.6808449417788394,-2.3100873665341295,1,2.5383333333333336
1.6473326258212453,-2.399004681282947,1,2.3579166666666667
0.9780528884142041,-2.2402568491244153,1,2.223333333333333
0.5280248973994757,-1.4961278613040039,1,2.3504166666666664
0.5641398190265857,-1.5925148647965508,1,2.370833333333333
0.6056588766537458,-1.103238100518044,1,2.287916666666667
0.49994247259264524,-2.0046405304448363,1,2.4650000000000003
0.8818909650792639,-0.7940534876533497,1,2.54625
1.9241851939033083,-1.6380642395487057,1,2.5179166666666664
1.3754188270469043,-1.755114424161109,1,2.4774999999999996
1.213665950946616,-1.5201857939418186,1,2.3766666666666665
0.5780204923140452,-1.4410442700332284,1,2.245
1.0658387702953924,-1.5257186660677025,1,2.4154166666666663
0.6842231381239438,-1.386137787464103,1,2.22375
0.8924930989073157,-1.1830033714651738,1,2.31375
0.5451832015031651,-0.7280808013404597,1,2.17
0.9843000441689664,-0.9053183544460615,1,2.055
0.5069279690453525,-1.172347403840568,1,2.13125
0.038773021626651194,-1.3274367299118348,1,1.905
-0.06229199440305478,-1.3944485573630163,1,1.92
0.7319648694418259,-1.056054555469919,1,1.9883333333333333
0.04723868253320122,-1.3699046184679031,1,1.9037499999999998
0.048855249129996746,-1.3482879270226606,1,1.9108333333333334
-0.1511919678798021,-1.3114620275399256,1,1.8816666666666666
-0.09807856921038828,-1.080026424088008,1,1.8445833333333335
-0.07002544314255392,-1.1010030520486023,1,1.836666666666667
-0.12233502784778455,-1.3555827617614582,1,1.8741666666666668
0.702933251812362,-1.4698673790775083,1,2.0204166666666667
1.7400732996683945,-2.0173825169603368,1,2.2516666666666665
1.3316123846968022,-1.3553294334819213,1,2.1037500000000002
0.5648571554973829,-0.8965892292681891,1,2.089166666666667
0.8916287954607885,-0.62322244744898,1,2.1008333333333336
0.5033606014425588,-0.12250390521155603,1,2.214583333333333
0.0790940503768694,0.9876922607764052,2,2.4104166666666664
0.07444283388260789,0.9859589596432965,2,2.4091666666666662
0.0006401771039154521,0.6978232871406964,2,2.4570833333333333
-0.10650140173574357,0.6506204769115899,2,2.4766666666666666
0.3996720809260765,0.45159657346227705,1,2.3074999999999997
-0.4675614499407899,0.4959167664138512,2,2.137916666666667
-0.5986004936096635,-0.2907313199826305,2,2.2670833333333333
-1.0487624687454573,-1.180635920597539,1,2.0570833333333334
-0.8700438004046421,-0.8196680613162435,1,1.9033333333333333
-0.2974558809476936,-1.2052666037024542,1,2.0820833333333333
-0.37819347008823434,-1.1268285653052654,1,2.0616666666666665
-1.4919413464178528,-0.8947398930382102,2,2.188333333333333
-0.21639088926030844,-0.3400571086873391,1,2.1870833333333333
-0.8652586013516758,-0.07546942828979752,2,2.2325
-1.6965528616095031,-0.6589424266000298,2,2.214166666666667
-1.5377926074637076,-0.383939477459191,2,2.0375
-2.628759476265973,-0.007040871417924817,2,2.2425
-1.925479287221213,0.7990421206561575,2,2.0279166666666666
-1.8354646516393147,0.1392975302499308,2,2.1391666666666667
-1.5252522181668147,0.07273800980333368,2,2.0716666666666668
-1.6465929819606997,0.5055641628292122,2,2.174583333333333
-1.3964056393495967,-0.21805486150959497,2,2.0254166666666666
-1.6791675112677773,0.0662564555034318,2,2.0749999999999997
-1.7288558275084396,0.6030255768764665,2,2.2475
-1.7276745529787947,0.602926635766743,2,2.2475
-1.5158328474673737,0.017305138627665577,2,2.07875
-1.6270040314494387,-0.004717301891977048,2,2.0791666666666666
-1.5480444476084003,0.08501365299869429,2,2.0520833333333335
-1.3861277888572714,-0.22152878974611084,2,2.026666666666667
-1.4390169632712055,-0.1256429964375071,2,2.0058333333333334
-1.4444971738557209,-0.12141609135411992,2,2.0062499999999996
-1.5473605573000595,0.08668694349129688,2,2.0525
-1.551196347476593,0.08727026979699469,2,2.0520833333333335
-1.5872036515872783,-0.7329300773311681,2,2.1029166666666668
-1.4480906893759418,-0.1248293204501794,2,2.0050000000000003
-1.4475612481171138,-0.1238961539759084,2,2.0041666666666664
-1.3786169438421367,-0.17776726599277376,2,2.0270833333333336
-1.4310365760756405,-0.25726729567061074,2,2.0595833333333333
-1.4140943477706938,-0.19062045439583986,2,2.032083333333333
-1.5415710220740013,-0.827185780987273,2,2.1220833333333333
-1.4948303755717625,-0.8132112375999657,2,2.1179166666666664
-1.633889072352785,-0.8808436903160247,2,2.140416666666667
-1.3676956470031565,-0.09801153741703968,2,2.075833333333333
-1.22539914000908,-0.05271417928365082,2,2.0629166666666667
-1.3760859168731918,-0.054175042598154644,2,2.089583333333333
-1.1272033569048936,-0.0754779744515976,2,2.07
-1.3166418976899237,-0.15887203226479824,2,2.0716666666666668
-1.3492129702033142,-0.7783626471804654,2,2.17875
-1.1540487164111957,-0.667075116332081,2,2.1225
-1.394149537229728,0.48261860300713855,2,2.140833333333333
-1.2913926371003759,0.4097509997113589,2,2.1658333333333335
-1.560813256600247,-0.05779696722496848,2,2.2995833333333335
-1.4175872895247041,0.412048802787611,2,2.157083333333333
-1.7590139993860971,-0.3050820864892341,2,2.3004166666666666
-1.8495278556610752,0.16126972370271483,2,2.2045833333333333
-1.418373006482445,0.34162563823504205,2,2.205
-0.62187657275112,0.24903061376271285,2,2.4408333333333334
-0.8029596011269217,0.40230767705141424,2,2.5091666666666668
-1.6314625169722956,0.5827518000903309,2,2.2458333333333336
-1.3280233437234301,-0.10956724043310742,2,2.3945833333333333
-1.295284117627449,0.004168554591203772,2,2.2883333333333336
-1.9582711533362234,1.0291502847878555,2,1.9404166666666667
-2.332344659652869,1.1876559821090935,2,2.085
-2.3023704745412754,1.161770767993706,2,2.0850000000000004
-2.2076935623569396,1.026498429309134,2,2.11375
-1.121314707648624,0.24112001579883433,2,2.1841666666666666
-1.3626913402887841,-0.4176154235675834,2,1.9604166666666665
-1.4157579862293768,-0.938831297619945,2,2.189583333333333
-1.422614405314897,-0.9692710242467966,2,2.1795833333333334
-1.7064042711006007,-0.3264654034211693,2,2.0470833333333336
-1.6573320585860232,-0.33401579039886353,2,2.05125
-1.616938200028209,-0.3544739343622081,2,2.0508333333333333
-1.662529314720009,0.23548316023643473,2,1.95625
-1.6633322882040156,-0.3811905023690259,2,2.0241666666666664
-1.610388977281553,-0.41096155326389117,2,2.0300000000000002
-1.1795093108647667,-0.42367537114015935,2,2.3854166666666665
-1.4213664055447077,-1.143457167010633,2,2.20375
-1.1310010022994783,-1.0808547885117332,1,2.174166666666667
-1.2351205278542108,0.2647336977996366,2,2.2462500000000003
-1.6692257951944147,0.0733413782321499,2,2.22
-1.723035138048434,-0.21617307753436135,2,2.0395833333333333
-1.3953632259365276,-0.45440209793382674,2,2.2641666666666667
-1.3681583586081412,-1.9783287498376438,1,2.452916666666667
-0.9821205173603181,-1.8733152561935182,1,2.387916666666667
-1.1308938801992872,-1.4652636214431425,1,2.3529166666666668
-0.7255341879408044,-1.8834271854232207,1,2.4875000000000003
-0.35290429775349275,-0.8304475838183906,1,2.48
-1.313399518420067,-1.8141470581467702,1,2.422083333333333
-1.2481749849716344,-1.0485445001388005,2,2.2445833333333334
-1.5130448003078978,-1.1053692764466803,2,2.16
-0.7161096608997238,-1.043962841038985,1,2.0504166666666666
-0.43331658817831764,-1.5085341449751517,1,2.0745833333333334
-0.5882673707272634,-1.3273922270946354,1,2.1033333333333335
-0.7335595936374422,-1.6304365757919181,1,2.1483333333333334
-0.17943295010722488,-1.2147348566268452,1,2.2704166666666663
0.42001044161165435,-0.9576269857927727,1,2.1387500000000004
0.18253141669056314,-1.3161117925458135,1,1.9954166666666666
0.2899785821596221,-0.8181696490882318,1,1.9441666666666666
0.1706671025082673,-0.9166476696756024,1,1.9695833333333335
0.3436144162428856,-0.8756590993690941,1,1.945
0.46662640820765333,-1.5377833201684887,1,2.029166666666667
0.6153063395425237,-1.5355185191639562,1,2.044583333333333
0.5139203659992935,-2.1032663811607892,1,2.12875
0.5446210094177171,-2.1241433652626527,1,2.1254166666666667
0.04856883384654733,-2.245682716652723,1,2.223333333333333
-0.10669865822637191,-2.133841684856911,1,2.12125
0.46154232193998906,-2.7082577589465036,1,2.379583333333333
0.5822306412082175,-2.224813406852763,1,2.1041666666666665
0.78292217077027,-2.981020365464769,1,2.0416666666666665
0.6459822314731763,-3.017238479045282,1,2.025
0.5597102439433257,-2.128505204243499,1,1.8595833333333334
0.2889351857222613,-2.1774847832352653,1,1.8566666666666667
0.4312718697854857,-2.7245331513790063,1,1.9316666666666669
0.6931254798761851,-3.2671987861481977,1,2.04
1.0829901255172605,-2.99251261249927,1,2.16
0.7862704622654895,-2.712625711114076,1,2.0254166666666666
0.7459721644585476,-3.3590568659742464,1,2.0483333333333333
0.6505309092607146,-3.1883317849354875,1,2.13875
0.34457216659717865,-2.7118559825273008,1,1.9741666666666668
-0.8946175158556307,-1.942584236316932,1,1.8187499999999999
-0.7947632759891655,-1.962383803799495,1,1.8479166666666667
-0.9893720121815135,-1.9167246407313834,1,1.8150000000000002
-0.9649640908050979,-1.7577625006934618,1,1.8533333333333333
-0.9886370916574941,-1.9201026536644767,1,1.8154166666666667
-0.997618657424814,-1.922915607611235,1,1.8162500000000001
-0.9960012715925292,-1.9216606087088117,1,1.8166666666666664
-1.0997834546966754,-1.6782826188394182,1,1.7629166666666667
-1.0143174137758646,-1.7009701104405641,1,1.7829166666666667
-0.9023596363851769,-1.575290592477796,1,1.8358333333333334
-0.849899451166528,-1.783179485372984,1,1.7854166666666664
-0.6955391132884144,-1.4937965595468745,1,1.8775000000000002
-0.9845430288703294,-2.1809346741340567,1,1.8175
-0.681318389777165,-1.7361419983625825,1,1.8854166666666667
-0.6916776911611091,-1.535806938131568,1,1.8525
-0.3104557731694423,-2.814327197396409,1,2.0583333333333336
-0.140793687714222,-3.2779896264516504,1,2.13125
-0.18702226960310106,-2.9362466053130056,1,1.9733333333333334
0.4461294181890763,-2.2992439146290917,1,2.1075
0.4163816144177872,-2.3472626985400167,1,2.0925
0.30754794095834753,-2.57354160960185,1,2.09375
-0.11511322605791209,-2.5948044148737814,1,2.0466666666666664
-0.27302796659815937,-2.6336520577126117,1,2.077916666666667
-0.2965809677699403,-2.739588115384898,1,1.97
-0.40692441515498945,-2.7756471814092,1,1.99125
-0.22660249315313566,-2.7087331546674447,1,1.9795833333333333
-0.33773513842053615,-2.6828769612825374,1,1.9533333333333331
-0.34953810827972376,-2.7091393812706333,1,2.0083333333333333
-0.3744494839036593,-2.513091609172264,1,2.0100000000000002
-0.11509286679422327,-2.540231085181241,1,2.012916666666667
-1.2336586979550008,-2.288656725371613,1,2.0066666666666664
-0.6538504924157502,-2.186919345754329,1,1.9054166666666668
-0.5282995445134072,-1.9206720608644052,1,1.8933333333333333
-0.25004864287715095,-2.0117141975380752,1,1.955
0.33026498830621054,-2.109457744214216,1,2.0887499999999997
0.38667996242400093,-2.0434690405630476,1,2.0370833333333334
0.8049272462028463,-2.749472231036231,1,2.1908333333333334
0.8281146141760771,-2.762144611727409,1,2.19125
0.7910409490492163,-2.3390518604619794,1,2.1195833333333334
0.8822158151752826,-2.0812579179988155,1,2.1095833333333336
1.1989681386397484,-1.8859326957838776,1,1.8729166666666668
1.054862816541168,-1.3996156579029435,1,1.7620833333333332
0.9986852001837778,-1.4521953584286431,1,1.7837500000000002
1.836028463893687,-1.7207619673950396,1,1.9829166666666669
1.2389004850999628,-1.6812854231626575,1,1.89375
0.8434454824785577,-1.1093998151036286,1,2.0225
0.8768054012975809,-1.1215858190917334,1,2.025
1.0257553568375248,-1.1076240228750434,1,2.0083333333333333
1.053311021156485,-1.1275671799806715,1,2.007916666666667
1.4954816873548125,-1.7121336209510476,1,1.8841666666666665
1.0743096960917855,-1.2084425536137033,1,2.0420833333333337
0.6504883489821692,-0.6089642898089342,1,2.21625
0.7419540214198894,-0.7806717953978211,1,2.2591666666666668
0.986355809812283,-0.7094162745518879,1,2.2379166666666666
1.2927068289527628,-1.3135656597980432,1,2.0941666666666663
1.2052374068996328,0.012449066666633394,1,2.089583333333333
1.5715942122617317,-1.4950600436242596,1,2.066666666666667
1.8195170854424607,-1.9565042805016186,1,1.9279166666666665
1.836480426971201,-2.0797482666393674,1,1.9262499999999996
2.0689303824009544,-1.900791849937987,1,1.9370833333333335
2.0103722533640545,-2.1776031876549395,1,1.8833333333333335
1.3881762832868625,-1.5240142575849653,1,2.057916666666667
2.3791483261530626,-1.6093885837761766,1,1.9716666666666667
2.032455297232332,-2.252953323051582,1,1.8845833333333335
2.3247956617578525,-1.449458540358687,1,1.7329166666666669
2.364367157075851,-1.4535533016990032,1,1.73125
2.7633944812021594,-1.5353106257927642,1,1.7833333333333332
3.651394139481293,-1.8539011756493944,1,1.9608333333333334
3.5889855269855864,-1.8330526087623225,1,1.9591666666666665
3.6351682248025936,-1.8472058559982352,1,1.9816666666666667
3.0501066783291018,-1.3307836821258305,1,1.812916666666667
3.011074525224491,-1.3038302836721642,1,1.7725
3.172243189826867,-1.19714834451473,1,1.77625
3.1420198162402513,-1.3082696531167157,1,1.7575000000000003
2.5369665079363073,-1.22182011129255,1,1.6770833333333333
3.2020020241126472,-1.319001946296237,1,1.7520833333333332
4.0722519679502085,-1.552520179163903,0,1.9304166666666667
2.252539853027391,-1.1684352034622887,1,1.6362499999999998
3.133981109742014,-1.3286495892148555,1,1.82125
3.5457383286056943,-1.3971951496908197,1,1.8741666666666668
3.5377210057858046,-1.3904481375527005,1,1.8704166666666666
3.1277458251704795,-1.3261730038969697,1,1.8229166666666667
3.120224538077955,-1.4090107827723366,1,1.8025000000000002
3.1597873397542684,-1.3347352753233488,1,1.8108333333333333
3.016811889206187,-1.9711984928813047,1,1.8525
3.0817183911857975,-1.89354258959605,1,1.8629166666666668
2.2854122338448093,-0.8018830990035931,1,1.5712499999999998
1.56407924910097,-1.5123196748239434,1,1.5395833333333335
2.462703273944297,-1.6709663878361376,1,1.7258333333333333
1.7703815538012793,-2.052696605905688,1,1.8533333333333335
1.477883871850228,-2.6547550366597714,1,2.0533333333333332
1.949394916385745,-2.3168229982426953,1,1.8825
1.8260748558242006,-1.1595942220232451,1,1.6266666666666667
0.5485210102930762,-1.71757257520157,1,2.075833333333333
0.7544150024053976,-0.9551355784919986,1,1.7966666666666669
1.5682298630905283,-1.3118759478763233,1,1.5670833333333334
1.2363902542870715,-1.3372294310816357,1,1.5370833333333334
1.1118156246622615,-0.6493694220612871,1,1.42375
1.5487045255097578,-1.2115517167992327,1,1.7625
1.0814691573049853,-1.8202588810748945,1,1.8383333333333336
1.6682830754973232,-1.6408124310005563,1,1.6733333333333331
0.6944284046411824,-1.3155352266209264,1,1.6120833333333335
-0.9622614643148629,-1.138270283159236,1,2.0825
-0.30038511902696946,-0.8772646153867198,1,1.92
1.0034278351265347,-1.5863591072682484,1,1.7433333333333334
0.47216900767816833,0.3836060020125582,1,1.5791666666666666
-0.4706596337717925,-0.6179641831596722,1,1.8395833333333333
0.9064767480501028,-0.2513266603206182,1,1.9095833333333332
-1.1884785829505353,-0.2675659543597684,2,1.83625
-1.8591287961042076,-1.1621346369953203,2,1.8804166666666668
-1.9037566363315137,-1.227421215836999,2,1.8704166666666666
-1.7887858945086847,-1.15683921198963,2,1.8879166666666667
-1.0259360797335608,-0.18927166055409292,2,1.6791666666666665
-0.3375050420916697,0.06014919181721698,2,1.51375
-1.1993453025212157,-0.5963840226779321,2,1.6833333333333336
-1.3177887615415604,-0.26244280421578897,2,1.6979166666666667
-1.2838449841057584,-0.43038464952720146,2,1.7145833333333336
-1.2549831343293238,-0.36122750221911304,2,1.7358333333333331
-1.2395735272942519,-0.3897341270967299,2,1.72875
-1.2337068007733576,-0.39491329372593714,2,1.7283333333333335
-1.273904498261757,-0.4435154368581889,2,1.7133333333333336
-1.2262986887261855,-0.40387823618710994,2,1.722916666666667
-1.228505526752805,-0.38152713540582217,2,1.735
-1.2064450193876326,-0.3765573230925892,2,1.72875
-1.1594417595398896,-0.4486977063046464,2,1.7258333333333333
-0.9592034023888903,-0.19869668980698713,2,1.7733333333333334
-1.1657194688015278,-0.514089931118837,2,1.7195833333333332
-1.1213412967817609,-0.5342849657393919,2,1.719166666666667
-1.929151900974018,-0.9551311231154841,2,1.8637500000000002
-1.8967857368761927,-0.9861048302688998,2,1.8629166666666663
-1.8606031046283478,-0.9904934422382916,2,1.86
-1.8220546868643348,0.22660806094938515,2,1.9070833333333332
-1.491099531538404,-1.2825629204645126,2,2.0020833333333337
-1.4425362785056228,-1.3139283962947375,1,2.004166666666667
-1.2872130677571976,-0.8396517611449563,2,1.92125
-0.873105298299666,0.4365956499792199,2,1.7483333333333333
-0.6171630516752731,-0.300114188058708,2,1.6366666666666667
-0.2598538151304111,-0.738262361765207,1,1.8033333333333335
-0.3739798383010037,-0.28447817338530246,1,1.9345833333333333
1.0166503811083594,-0.5282201894737485,1,2.0991666666666666
-0.5364835050657377,-0.04833530798363981,2,1.8308333333333333
-0.43380137775599237,-0.18514371476681332,2,1.8566666666666667
-0.6082699899799626,-0.5712730104881778,1,1.8833333333333335
-0.46867049103306846,-0.7335830314820335,1,1.9337499999999999
-1.1668272121254673,-1.7015272440697478,1,1.93875
-0.37772133469243396,-0.7900815810039912,1,1.9320833333333332
-0.42072400888845557,-0.7189045240914977,1,1.89375
0.2740884204774263,-0.843352114973556,1,1.9729166666666664
-0.05422767613938159,-0.7296464974544528,1,1.6958333333333335
0.32484314649982177,-1.2697190257305104,1,1.8179166666666668
-0.17924382225424088,-0.9213864886840205,1,1.9325
-0.2363503828387683,-0.8242818933341308,1,1.8825000000000003
0.015892240684121033,-1.4611186792249355,1,1.7041666666666666
0.17711952425381539,-1.0272494386263202,1,1.6270833333333332
0.22073605535450463,-1.0594310135279839,1,1.6279166666666667
0.17242428651482042,-0.793781843865612,1,1.5820833333333333
1.2189921273075865,-0.44294223701007485,1,1.6420833333333331
0.4213630138509633,-0.6367516554192829,1,1.6254166666666665
1.0595621526955226,0.1438024316394369,1,1.8225
-0.7139072885200337,-1.4038646614627304,1,1.7666666666666666
-1.3855419535035165,-1.5404843328505589,1,1.9662499999999998
-1.3112044619781995,-1.4206471301707635,1,2.0020833333333337
-1.4643866373713696,-1.5265007381044013,1,1.9641666666666666
-1.9615930958789847,-0.9630414468626094,2,2.1083333333333334
-1.9641831781508823,-0.9675574984025306,2,2.1079166666666667
-1.4036609762711938,-1.4858089620374992,1,1.9587500000000002
-1.83472525069949,-0.9013403573147848,2,2.1141666666666667
-2.0231597688854914,-0.8582809238536617,2,2.0470833333333336
-1.673331312405187,-1.3003168331360246,2,1.9204166666666669
-1.5947469539848025,-0.5176482326072391,2,2.158333333333333
-1.1184987029573457,-0.9464006152637148,1,1.9474999999999998
-1.3337421394415032,-0.7893664729795202,2,1.9683333333333335
-1.6813777115716428,-0.9337650567073572,2,2.0050000000000003
-1.4658403603018244,-1.5207434570854559,1,1.8337500000000002
-0.7931566539358013,-1.4951951001028587,1,1.6295833333333334
-1.186711317893284,-1.6115265458974373,1,1.7683333333333333
-0.7633863740132895,-1.4472743068498954,1,1.6316666666666668
-1.249012066399722,-1.4834619462043255,1,1.71125
-0.9449480822843976,-0.9623156654872235,1,1.5337500000000002
-1.407481068284542,-1.1118495587822788,2,1.62625
-1.668969124219451,-0.5757309891765414,2,1.9575000000000002
-1.8252122043719405,-0.6292285217267665,2,1.8350000000000002
-1.8874232702654545,-0.6625184097543656,2,1.780833333333333
-0.922721371440134,-0.39900750405393137,2,1.9216666666666669
-2.3258489083745224,-0.8919033153875404,2,1.8479166666666664
-1.6628445701541783,-1.0021372595454903,2,1.68625
-2.3728246241804944,-1.0059078403104236,2,1.8820833333333333
-2.3294497339945366,-1.2394687261258375,2,1.784166666666667
-1.475708911249399,-1.8589058352159602,1,1.6954166666666666
-2.2971356212017238,-1.1312925712303445,2,1.7479166666666668
-1.5122931341868453,-1.7359638049152764,1,1.82
-1.8968944642961165,-1.088530074315472,2,1.8620833333333333
-1.4132212440379541,-0.6231531247471483,2,1.7387500000000002
-2.276797361359431,-0.37254069581560606,2,1.6849999999999998
-2.5027288685427056,-0.3092437412420095,2,1.6125
-2.4454891856701715,-0.64628868064612,2,1.6704166666666669
-2.606965312942688,-0.1232016309717973,2,1.6041666666666667
-2.80253288102279,-0.18881095362462094,2,1.5520833333333333
-2.6475242630452422,0.5403201199129132,2,1.6187500000000001
-2.661888017737028,0.2755785342021852,2,1.7179166666666668
-2.7827168243479927,0.9358189539141789,2,1.5550000000000004
-2.747120497746255,1.0025095100617927,2,1.56375
-3.1957325234361535,1.8718385542218527,2,1.7758333333333336
-3.2460125897349843,1.3516941731837848,2,1.515
-3.2267487526158964,2.001571643735267,2,1.6483333333333334
-3.058558810938501,2.2281837570191696,2,1.6166666666666665
-3.064773266434724,2.094406158464711,2,1.6291666666666664
-2.5950454635643365,2.2617502550885424,2,1.9891666666666667
-2.340266568346436,4.055557614308416,2,1.9570833333333333
-2.7799728021019843,3.194727957266893,2,1.8016666666666665
-2.56894692852634,4.02031421714628,2,1.8983333333333334
-3.0110066313669366,2.992268078011054,2,1.8575
-3.5013462454034565,3.180596227821625,2,1.795
-3.9349056210277316,2.962841046654582,2,1.8929166666666666
-3.2575656852931933,3.1055993744240307,2,1.8104166666666668
-3.448070489972409,2.9188137100734424,2,1.7541666666666667
-2.9949802188435135,3.1400068271696036,2,1.6325
-2.853512127137322,3.8446874864235983,2,1.7608333333333335
-2.865835917262263,3.839489389528572,2,1.7041666666666666
-2.7355114986170954,4.052561001802894,2,1.7708333333333333
-2.6310199931152343,4.0364980950992155,2,1.7387500000000002
-2.661039788126829,4.010045862031528,2,1.7466666666666668
-2.6637697584511995,4.019895824648581,2,1.7454166666666666
-2.486446856162489,4.076363645342509,2,1.7604166666666667
-2.768332001591011,4.009793686529085,2,1.7625
-2.770082787362517,4.014455965295226,2,1.7608333333333335
-2.7715650186246346,4.0034951164459445,2,1.76
-2.7257234267224875,3.928421777903572,2,1.78125
-2.640029821080313,3.806701860327082,2,1.8270833333333332
-2.285853108428181,3.954015891711291,2,1.7983333333333331
-2.397607219571634,3.917863786900726,2,1.8229166666666667
-1.9355171517548888,3.837237500615667,2,1.8662500000000002
-2.125097788472619,3.7300919576338973,2,1.8741666666666665
-2.026018226984494,3.787460790700521,2,1.89375
-1.8656975138187302,3.792079428990462,2,1.8733333333333333
-1.836371161441117,3.7773292745231832,2,1.8775000000000002
-1.783223606115027,3.1356187267442324,2,1.7483333333333337
-2.6352896436377082,3.5556488898799357,2,2.0204166666666663
-1.8864395493150767,3.850503051195317,2,1.8658333333333335
-1.8533985828143307,3.8581292661228304,2,1.8724999999999998
-1.7513991399114373,3.640119089565207,2,1.8837499999999998
-2.0926674523854083,2.8076549158772246,2,1.8766666666666667
-2.1868408257111223,2.7671759629168675,2,1.9020833333333333
-2.1552385674380035,2.7463175583816017,2,1.9058333333333335
-1.7658977980727164,3.5334811276094404,2,1.9204166666666669
-2.4333932271872456,3.350038066985817,2,2.0362500000000003
-1.7094590839736212,3.5033947802903675,2,1.9279166666666665
-2.296113572892668,3.196442794932922,2,2.07625
-1.5651282506511415,3.371887897810119,2,1.846666666666667
-2.2593280369425517,3.14615488171794,2,2.08
-2.1737566071595547,2.859086905399289,2,2.0391666666666666
-2.5648947700356293,2.998497432664743,2,2.1845833333333333
-2.2388132410895127,2.692961042657518,2,2.0741666666666667
-2.1574610050766645,2.7135990561356063,2,2.0862499999999997
-1.877450126567901,2.6906485631465906,2,2.04625
-1.899350686580865,3.0127170277476036,2,2.125
-1.5012914339821468,3.1051361678231086,2,2.1366666666666667
-1.8680645440188226,3.0789380184209,2,2.151666666666667
-1.7877626812902445,2.6573113221699107,2,2.10125
-1.2323924759063642,2.3068304130692616,2,2.06
-0.6576723183640555,2.7066188033409264,2,1.9108333333333334
-0.7066978960390738,2.257202123889999,2,1.89875
-0.6243067950996957,2.40195791321367,2,1.8949999999999998
-0.5837568528046096,2.31775222940074,2,1.8462500000000002
-0.6654992758347845,2.244429787608087,2,1.87625
-0.9358822047774111,2.69970630659292,2,1.95
-0.6014746454222334,2.2027070900743406,2,1.9004166666666666
-0.7020936841744704,2.2801608412492405,2,1.84875
-1.2475498198575763,2.0231920683136826,2,1.9616666666666667
-0.5954008092327844,2.2913662971906477,2,1.8233333333333333
-0.41912300955983867,2.3782160649045925,2,1.8666666666666665
-0.5227192370438517,2.236428371806488,2,1.825
-0.4622589063784624,2.2328663846349888,2,1.8324999999999998
-0.7919349234825683,2.637400707460708,2,1.940416666666667
-0.7334978734059309,2.5585796804229433,2,1.9733333333333334
-0.414021186604639,3.030224307484354,2,2.13125
0.03113992514726177,2.4647718236951426,2,2.044166666666667
0.13820576877192398,2.727275025827743,2,2.0524999999999998
-0.18374019779395206,3.1502481736674137,2,2.1704166666666667
0.5320478347277455,3.983915133311863,0,2.357083333333333
0.7242211096932387,3.526652784298495,0,2.2729166666666667
1.1767633287368138,2.4775856988346234,0,2.0124999999999997
0.5802434323639721,3.498431340322885,0,2.18625
0.43373093327861956,2.728717513879434,0,2.2045833333333333
0.2857185627721338,3.2186314815440786,2,2.3279166666666664
0.9014645110532333,3.4047744688070045,0,2.2104166666666667
0.37687090718255345,3.1101893948589603,0,2.344583333333333
0.4068095027351564,3.090206883300403,0,2.345
0.4371771687417893,3.0763658467227515,0,2.3475
1.3133815024285316,4.4283952644372295,0,2.5420833333333333
1.4258882250828577,4.532035005917799,0,2.5587500000000003
1.749921378248937,3.8649667089239905,0,2.439583333333333
1.73667259435676,3.92895313679323,0,2.4608333333333334
1.4310479927533857,4.35941210664732,0,2.5479166666666666
2.470105402110336,4.098211524524627,0,2.5120833333333334
2.405290063146613,3.5165052204408975,0,2.255
2.6712032655934723,3.739674953697656,0,2.308333333333333
2.3027784639029103,3.1034685417254533,0,2.1829166666666664
2.2425040491174575,3.0745055311818223,0,2.2375000000000003
2.273184141675932,3.803810446337049,0,2.3074999999999997
2.2031638572953383,3.1969083502477647,0,2.13625
2.295274334222355,3.0824933006331556,0,2.1704166666666667
2.1937640732980817,3.4655098116685417,0,2.285833333333333
2.0865866882670283,3.523133436916438,0,2.2479166666666663
1.6318633706403394,3.258507750386821,0,2.3562499999999997
1.6070275195104253,3.3944056164450465,0,2.330416666666667
2.2266275519487237,3.4917086690796912,0,2.2258333333333336
2.345050880971184,2.980780407409976,0,2.2666666666666666
1.6629332726618422,2.683386433310537,0,2.1179166666666664
1.510432937740377,2.1378995727636703,0,1.9854166666666666
1.2852461572674796,1.9235129032628782,0,2.18125
1.834133246988051,2.0199557010356215,0,2.11375
1.9797062704593853,2.044607244273438,0,2.09375
1.5582016372295142,1.6592682067273719,0,1.9741666666666664
1.996433274215628,1.9694153537029842,0,2.107083333333333
1.5646244797945326,1.6999646354327236,0,1.9895833333333333
1.9001536092676126,2.0264528836837727,0,2.1354166666666665
2.2193109275710823,1.5072214930576673,0,1.9883333333333333
2.301590246075799,2.374336376564324,0,2.137083333333333
2.4701461065680705,2.0858384253699462,0,2.2150000000000003
2.1469720741370395,1.7305461103601678,0,2.0654166666666662
2.205760491858232,1.380809902256413,0,1.9391666666666667
2.965684494723763,1.2772414827173275,0,2.1154166666666665
2.5983674376462518,0.9696792533778951,0,1.9741666666666668
2.7495975414550986,0.9969804109527663,0,2.0175
1.9334699918958713,1.0342305550164212,0,1.7679166666666666
3.4458262602320096,1.7278294450026912,0,2.2120833333333336
3.5841075325141927,1.5425180111796233,0,2.24
3.469367411834177,2.6750040468132084,0,2.1625
3.3472065934483806,3.206150576454512,0,2.32125
3.668644285465955,3.0164631024551545,0,2.3925
3.0183784868153736,2.4446613861478808,0,2.2104166666666667
2.7792062055502407,2.063652679729971,0,2.1591666666666662
2.921003072083547,1.6368420474627363,0,1.8854166666666667
2.9681542900672513,1.7416158511026136,0,1.8820833333333333
4.0248934328857775,3.155792228737754,0,2.1133333333333333
3.6644438599039844,2.656603153864304,0,1.9725000000000001
3.7692716237507287,2.68005423659195,0,1.9587500000000002
4.355884917459199,3.2498680781557567,0,2.1370833333333334
3.8235989214231645,2.3263300776807734,0,1.98625
3.7385830400771294,2.695318057642767,0,2.236666666666667
3.6290170699277624,2.5338188225145784,0,2.2329166666666667
4.4250065719259295,3.890551223029974,0,2.3325
4.051600514911493,2.168531203793931,0,2.0008333333333335
3.6753901746661586,2.418150146657083,0,2.27375
3.986091569017624,2.141482320352096,0,2.154166666666667
3.3713082600313524,1.423434155045064,0,2.2716666666666665
5.318202272135337,1.4513488997976154,0,2.15
3.61342883810825,1.1613118921036019,0,1.8637500000000002
3.7784649536810697,1.2917395346503817,0,1.9183333333333332
4.147154525847078,1.5197817197463126,0,2.00875
4.5801100279812275,1.2741772145594445,0,2.040833333333333
4.526248711268405,1.4736451061568876,0,2.0529166666666665
4.626406862353445,1.0374432029115221,0,1.9891666666666667
4.50429525722837,1.366313314222306,0,2.1333333333333333
4.543967197485126,1.0590181052856371,0,1.9670833333333333
5.021078827763898,1.304833796904697,0,2.0654166666666667
3.8726510919719064,2.1023257254370717,0,2.0812500000000003
4.344421600166763,0.7737175967740437,0,1.8783333333333332
3.7339237897565205,0.9922341993436881,0,1.8049999999999997
4.287278562716218,1.4145143408888905,0,1.8645833333333333
4.146272286790361,0.30057192527781174,0,2.0025
4.407502645371035,1.2421874074950974,0,1.8429166666666665
4.893260375769827,1.2375884588368837,0,1.9525
4.1820657296365615,1.94362491211021,0,2.0145833333333334
4.826127897601018,1.9178574501130916,0,2.0941666666666667
4.89172198953091,1.8947882780563943,0,2.1020833333333333
4.836805809688348,1.9774048674963849,0,2.077083333333333
4.866351973049064,1.9467025114522059,0,2.07875
4.926942758979225,1.890624420825195,0,2.0825
5.138027163471377,1.2370572509132796,0,1.9216666666666666
5.187664110766477,0.1960847339676386,0,1.89125
5.176431596969998,0.21679557658074283,0,1.8875
5.163048634008728,1.284935211494407,0,1.91625
5.351650378767219,0.341539093378561,0,1.8929166666666666
5.30692951151773,0.45702397170963455,0,1.9233333333333336
5.334642474967291,0.3863714913676265,0,1.9024999999999999
5.258481609563386,0.3863136569467383,0,1.8875000000000002
5.247670243485659,0.37500379115157284,0,1.8962500000000002
5.28906100371158,1.1307064398916495,0,1.91375
4.656370282631539,-0.6382158591129137,0,1.96125
5.133930068468309,0.31456891801692055,0,2.19375
6.428031922668662,2.6332058010567736,0,2.3245833333333334
5.50498642646756,1.5400847034561371,0,2.1558333333333333
4.439236623557121,0.4115116435454771,0,1.9579166666666665
3.3222443853899315,-0.6572570554370629,0,1.9275000000000002
3.728861674852459,0.05279968822852649,0,2.0399999999999996
3.7198176049034,0.49778956022384685,0,1.9633333333333332
5.190751663406671,0.36530854769289023,0,2.0208333333333335
3.9162770661774458,-0.20043491693121945,0,1.8416666666666666
3.9836703366478283,0.4065902666770939,0,1.8958333333333333
3.0103063814138578,-0.08768640057205586,0,1.655833333333333
3.0088990774149322,-0.17884005926380633,0,1.6462500000000002
3.6352329562669055,-0.2501899806806763,0,1.73125
3.611004426381346,-0.3724939056828016,0,1.7670833333333331
2.982378346949814,-0.4746575017480614,0,1.6645833333333335
3.56710027555505,0.08962495610943619,0,1.89
3.0902016736039233,-0.21975036677891255,0,1.6808333333333332
2.6654757460387795,-0.28545640232540287,0,1.6770833333333333
2.7726218860688303,-0.40287159889695456,0,1.7258333333333333
3.433241175677442,0.4863555045260937,0,1.9145833333333335
2.9509059331062075,-0.46207068358413345,0,1.78625
3.152402725067537,-0.5936322639152333,0,1.79875
2.1394608851536874,-0.5140202549402001,1,1.6404166666666669
2.4747842934325868,-0.9292141993392318,1,1.7133333333333332
2.192002969794212,-0.9113151556090717,1,1.7033333333333331
1.7715293962073664,-0.8949218276616108,1,1.8625
3.156262259939353,-0.2729117689836868,0,1.9262499999999998
3.667717145307086,0.9698466369798479,0,2.1916666666666664
3.623742144457054,0.11073915030286471,0,2.0675000000000003
1.6953632306771687,0.4935786102937408,0,1.7525000000000002
0.8959734244815373,-0.4710583148569734,1,1.6141666666666667
1.7026610659486587,0.49360921024717114,0,1.7525000000000002
1.5907139360046172,0.46753630959602643,0,1.7766666666666666
1.7412292039496884,0.4687773912219317,0,1.7516666666666667
1.9893837237377274,-0.13142198201030747,1,1.8391666666666666
1.6582338811903403,0.38939436464047067,0,1.7704166666666667
1.6910023917589516,0.3686945721093064,0,1.7704166666666667
1.7355426769369844,0.468287585813248,0,1.7570833333333333
1.7861165910850703,-0.13022551140353333,1,1.7474999999999998
0.354796001447808,-0.7308158767932521,1,1.71875
1.8704788646719799,-0.2047294494298855,1,1.7441666666666666
1.4155127928590814,-0.8323888915544922,1,1.9541666666666666
1.2210360511281915,-0.31071744888987285,1,1.8933333333333333
1.2857454333616039,-0.3653350612647351,1,1.8679166666666667
2.0904326046288544,-0.24802842321518648,1,1.97875
1.3298709345549857,-0.46780134226356856,1,2.13125
1.2083043428617413,0.20875837194442387,1,2.0187500000000003
1.4713128877783683,-0.33746495810659993,1,1.8658333333333335
1.3112312751814166,0.168097569738976,1,2.015416666666667
1.5440683523036023,-0.3887430607629259,1,1.8625
2.3775167892428617,-0.2724247336675561,0,1.7100000000000002
2.289996679167983,-0.6567803376643236,1,2.021666666666667
1.9450203031489193,-1.2324529959649237,1,1.9941666666666666
1.9996870787336725,-1.250472497485407,1,1.9879166666666668
1.616800210629803,-0.5850475766267464,1,1.8337500000000002
1.9102477790234356,-0.32908123247466325,1,1.9466666666666665
1.9605376153885334,-0.3510931400950824,1,1.9454166666666666
3.1045977018384607,-0.7555553958260393,0,1.8575
2.0126736618245893,-1.1286937329961235,1,1.9275
3.4181494426502237,-0.5496374803855827,0,1.9695833333333332
3.4394881512962994,-1.311734621406558,1,1.83
3.420196045107406,-1.3903525903035912,1,1.8062500000000001
2.50467430546139,-1.6095430251042293,1,1.9604166666666665
2.5065066814385344,-1.5790040010174402,1,1.9741666666666668
3.14531759034968,-1.0763397243446478,1,2.1383333333333336
4.188226508465383,-1.805754428264658,0,2.4
3.230364162674041,-1.7915314048090827,1,2.12125
2.798807365218213,-2.450579210861696,1,2.37125
2.6994882021556577,-1.8892491155897089,1,2.2808333333333333
1.5775148077672014,-1.8491410779638988,1,2.120833333333333
0.4429863553580886,-2.815674022765292,1,2.0216666666666665
1.237356516895642,-2.0103648369973945,1,1.7695833333333333
2.021383940991059,-2.837362995553747,1,2.07
2.281415882525057,-2.4864203740092323,1,1.7733333333333332
2.7011181602856498,-1.8907503801054786,1,1.8537499999999998
3.275280637087554,-0.8653885802414898,0,2.055
2.6667214366473324,-3.121631807326712,1,2.203333333333333
3.701816833524297,-2.761497363575698,1,2.125833333333333
3.5606443314642346,-2.886913536508883,1,2.125833333333333
1.8516926901533617,-3.0030967454917614,1,1.92125
1.168632103630941,-2.8699936973772875,1,2.0929166666666665
1.2153041710884693,-2.7650731712670105,1,2.0833333333333335
2.124146787465479,-2.4795154463804274,1,2.1333333333333333
2.4782008343436774,-3.2011019997663563,1,2.07875
2.497081294978393,-3.377538976992671,1,2.10875
2.5106893838763464,-3.331472625734538,1,2.15875
1.4958752365132906,-2.5196165626701212,1,2.1187500000000004
0.2233094853160813,-2.3764456628454753,1,2.0191666666666666
1.1033230090433117,-2.5191457826459764,1,2.185416666666667
0.8277740439444538,-2.57373729446384,1,1.9649999999999999
0.9313207124803783,-2.5301908460483284,1,1.9454166666666666
0.43160561116896595,-1.1338252796454218,1,2.247916666666667
-1.2858392150388402,-1.3554600397713388,1,1.9649999999999999
-0.8073764601495765,-1.3755271326888747,1,1.7041666666666668
-0.8935407312415213,-1.5815920061277515,1,1.7620833333333332
-0.4782801800587481,-0.6864582511402193,1,1.9649999999999999
-1.978083402769537,-0.8004912102560051,2,1.8591666666666669
-0.8022900434185297,-1.2574699963058673,1,1.6741666666666666
-1.4241585998083603,-1.229827435767997,2,2.0904166666666666
-0.4561907736341333,-1.4085859535866074,1,2.2583333333333333
-0.928464925247114,0.22575333551686308,2,2.1558333333333333
-0.600249681867816,-0.7804979548866988,1,2.3725
-1.5055365203571458,0.8677120078905765,2,1.8354166666666665
-0.9616987379178144,-1.5344434557822286,1,1.9425
-1.7851736835291825,-0.7180478006745663,2,1.8125
-2.1894050108492045,-0.7538493615232917,2,1.9037499999999998
-1.9166328115534164,-1.5469469444886916,2,2.0658333333333334
-1.428899254605503,-0.4220416646203592,2,2.04875
-2.6302371509582576,-0.3327759826464854,2,2.0279166666666666
-1.4402321119535397,0.3324309028254642,2,1.6258333333333332
-1.1171484551394637,1.3497448166465078,2,1.7066666666666663
-0.9284954038308254,1.2591888189842377,2,1.6537499999999998
-2.4358451468353612,1.483535511848983,2,2.0399999999999996
-2.5358677100780906,1.5799878220453842,2,1.7462499999999999
-2.1920816127588774,0.9372847236863243,2,1.8804166666666664
-2.8420930669687445,0.6819937945183173,2,1.8645833333333333
-2.803322162025578,0.6933420381259957,2,1.8729166666666666
-2.1906951930949106,0.8596834192982956,2,1.8704166666666666
-2.167178778733827,0.5306547833010354,2,2.1458333333333335
-2.8953590869319954,1.6631711790420904,2,1.8150000000000002
-2.5779316014388596,1.1678652163426446,2,1.9875
-2.092613392389459,1.0747248339255184,2,1.8862499999999998
-2.549173421196858,1.1258248016470283,2,1.9895833333333333
-2.7091931957879223,1.4176542409398492,2,1.874583333333333
-2.194033857578508,0.015596838509591345,2,2.0574999999999997
-1.9629951659108367,0.9072302842646213,2,1.9058333333333335
-2.1000414163349035,1.0814123475729478,2,1.96
-2.097054192727654,1.0738129992294148,2,1.96125
-1.863595211763008,1.4675292546027083,2,1.8941666666666668
-2.1346061878915377,1.0752644173366064,2,1.9508333333333334
-2.091333699751448,1.0896050479816042,2,1.9633333333333332
-2.7226561202875668,0.7720384112941815,2,2.08
-2.4892542387943566,1.1317136069446114,2,2.013333333333333
-1.8375748707114161,1.4329135447522656,2,1.9041666666666668
-2.1768321965561523,0.8187917202177852,2,1.6466666666666665
-2.4212139157597674,0.16294028900805385,2,1.89625
-2.513342905129761,0.1489082985713977,2,1.9016666666666666
-2.6183220459449283,0.6657908537610174,2,2.0524999999999998
-2.6080155020748363,0.6675231888302674,2,2.0500000000000003
-2.3607112564613555,0.08165353109424507,2,1.8854166666666667
-2.79140209870831,0.16947943839462257,2,2.0029166666666667
-2.5831733046925116,0.661132495312499,2,2.07875
-2.728360043497575,0.15761815520623243,2,2.0154166666666664
-2.2431194819239453,1.632688506458599,2,2.3579166666666667
-2.941615471257634,0.6650577156279563,2,2.170833333333333
-2.856086797720712,0.6946332602085391,2,2.1916666666666664
-2.6408029726113296,0.17718490515242508,2,2.069166666666667
-2.8092952041697177,0.6757420503997044,2,2.219583333333333
-2.7913008486500708,0.6640456207436158,2,2.2183333333333333
-3.1075629554499407,1.1090284968581814,2,2.0525
-2.6031844918746025,0.13836372411728437,2,2.02875
-3.0593171326859885,1.0683688253852022,2,2.0570833333333334
-3.08004607463782,1.022253730136866,2,2.0483333333333333
-2.865423516827931,-0.029173809712076237,2,1.9966666666666668
-2.850663694291673,0.40920199522506956,2,1.8983333333333334
-2.8078144234077285,0.289313840052962,2,1.8824999999999996
-2.868106530592982,-0.12497716147251377,2,1.9508333333333334
-2.8843760454233083,-0.012538766094362509,2,1.9866666666666666
-3.0638399684308744,0.48151418109306376,2,2.14125
-2.350154063156355,0.9884659598752228,2,2.3179166666666666
-2.408274613108729,0.29722507163292805,2,2.15625
-2.668470944399163,0.8094102576230736,2,2.311666666666667
-2.069798305858857,-0.42717656128413906,2,2.3575
-2.3116841612746843,0.40479562522311047,2,2.2225
-2.283435827334817,0.3839429822323709,2,2.2229166666666664
-2.5600004931325397,-1.0983020469866234,2,2.146666666666667
-2.7444400374955866,-0.24776721748977362,2,2.025
-2.404936540056044,-1.1508000327313936,2,2.1720833333333336
-2.0789286096514696,-0.7089580792880716,2,2.31875
-2.535145598280781,-1.2412971971746363,2,2.15625
-2.362493003457144,-1.266720860138787,2,2.1129166666666666
-2.3501352710880625,-1.2443900137570396,2,2.1341666666666668
-2.73473635387792,-0.5101006372251129,2,2.032916666666667
-2.746069203227404,-0.5089122963283691,2,2.027083333333333
-1.7715092793597202,-1.350760684188249,2,2.0058333333333334
-2.2972048441879593,-1.232265247125029,2,2.1474999999999995
-2.005252171716001,-1.1152268410779949,2,2.0575
-2.539303994446148,-0.5573364007783201,2,1.9929166666666667
-1.5970243550782097,-0.4653440128369497,2,1.7991666666666664
-2.015300242131147,-0.6637550039835668,2,1.7641666666666669
-2.552935571748831,-0.5541598403461447,2,1.9091666666666665
-1.8118483084183952,-0.6362407899069485,2,1.7420833333333334
-2.2020522882368367,-0.7330854533811914,2,1.779583333333333
-1.7554870285037114,-0.8213657920567056,2,1.7025
-1.434627812042684,-1.3456876493986136,1,1.8237499999999998
-1.7578249970750748,-0.737591713800825,2,1.6995833333333332
-1.7146987509314011,-1.1657104820432982,2,1.7554166666666664
-1.6532948395157139,-0.8241369566721575,2,1.7304166666666667
-0.9773370012142755,-1.6255601109275057,1,1.8979166666666665
-1.6494548246954885,-1.3435154151130007,2,2.0025
-1.9556486644414697,-0.6215435953678138,2,1.8345833333333335
-1.9966209416737433,-0.5019152214662771,2,1.8141666666666667
-2.0160093355662534,-1.2765961257683713,2,1.9820833333333334
-2.3874085248476735,-1.3803887027715258,2,2.0483333333333333
-2.3757393463637846,-0.5204605845503743,2,1.7825
-2.3407664901184853,-0.4592479421189471,2,1.7795833333333333
-2.3764396343806617,-0.3602978469277939,2,1.8079166666666666
-2.1216720068013735,-0.43154830648050846,2,1.7841666666666665
-1.6949492058892215,-0.8797346150248203,2,1.8041666666666665
-1.924573710024889,-0.9265956728828808,2,1.8475
-1.92849125197991,-0.9218020095140732,2,1.8470833333333332
-1.9259237310386623,-0.9241676179247333,2,1.8470833333333332
-1.9239969961395307,-0.9263618331361809,2,1.8475000000000001
-1.6831852512444754,-0.8728967765532963,2,1.8070833333333336
-1.9216816827697143,-0.9259305329862705,2,1.8500000000000003
-1.9741106946563522,-0.4338192778325436,2,1.7791666666666666
-1.9216346692037547,-0.5899655984338281,2,1.79875
-1.8805456022385167,-0.9305697853287052,2,1.8549999999999998
-1.8838594100905688,-0.6170946734926235,2,1.7941666666666665
-1.976335492769118,-0.16163888951399982,2,1.7679166666666666
-2.2539133814948644,-1.2564062137484517,2,1.9775
-2.3248280212318635,-0.4188442466088523,2,1.8558333333333332
-2.477555588561276,-0.4134058565283404,2,1.8200000000000003
-2.2372588465052727,-0.3574406396680956,2,1.7704166666666665
-2.164893829382529,-0.14761936279134058,2,1.7137499999999999
-1.9877672946771134,-0.209609238706501,2,1.7529166666666667
-1.8469311150537435,0.002903193181087591,2,1.7979166666666666
-1.6256822247423117,-0.019255702989652738,2,1.7275
-1.6778148870954839,-0.10593808605590574,2,1.7316666666666667
-2.008743438229718,-0.9675157106085046,2,1.9408333333333332
-2.089266605510321,-0.3120369673729503,2,2.047916666666667
-2.3998143667753684,0.6416329523563715,2,1.8504166666666668
-2.046487411090174,-0.5298413429708616,2,2.0954166666666665
-2.045953916301515,-1.0041484526817412,2,2.1879166666666667
-2.256159356523156,0.9318856860412574,2,1.8654166666666665
-1.4851114938410341,0.2889427438918186,2,1.8425
-1.4512331507762386,-1.2932678109822175,1,2.09875
-1.617583076647305,0.3552002823712667,2,1.8275
-2.118925674655878,-0.38386532062162193,2,1.925
-2.095816277714074,-0.3946724167850298,2,1.9258333333333333
-1.7675593401828875,0.5528413873326155,2,1.8241666666666667
-2.114497571157625,1.1247637466259548,2,1.9804166666666667
-2.0856175358439724,1.1096172586337498,2,1.9795833333333333
-2.1459373559168964,0.9311103072525084,2,1.9570833333333333
-2.0960959465227407,0.8196315857783066,2,1.97625
-1.913937129631905,0.8492345892091973,2,1.9962499999999999
-1.851040844077419,0.8651334526917105,2,2.007916666666667
-1.8238045429667307,0.839932188560104,2,2.0087499999999996
-0.24882800191762153,0.34327323509990687,2,2.308333333333333
-1.3258359304998948,0.27869524877829555,2,1.8375000000000001
-1.3764824293227746,0.02279211696806243,2,1.85625
-1.647249549622759,0.5478636586556571,2,2.0004166666666667
-0.7676605362944433,-0.1689247188355136,2,1.9758333333333333
-1.0667689589484295,0.38910456569652385,2,2.1279166666666667
-1.135844833899018,0.3210278499609031,2,2.1670833333333337
-1.156612432642072,0.5411538117749217,2,2.1483333333333334
-1.0336377605731752,-0.36667128180695624,2,2.2616666666666667
-0.2523066633714585,-0.47955642032549456,1,2.262916666666667
0.3982165791286816,-0.6533307991320119,1,2.3941666666666666
-0.2267536348377307,-1.1601056284536662,1,2.20375
-0.25121422797791254,-0.462512879899263,1,2.2220833333333334
-0.1682486432903244,-0.9648136846097941,1,2.4433333333333334
-0.07954072504579819,-0.8766880864099398,1,2.4320833333333334
-0.19314997636875245,-0.44512384841021774,1,2.404166666666667
0.35550206501499176,-1.094868098423882,1,2.3575
0.8392645059747436,-1.2334173729556115,1,2.5187500000000003
-0.0990138992877001,-0.31179889109068,1,2.575416666666667
-0.15719805316854818,-0.10377886729490537,1,2.6583333333333337
-0.8095652516192781,-0.043659113699530586,2,2.6029166666666668
-0.5061182441713689,-0.13734041263764638,2,2.6954166666666666
-0.3836562908927943,0.4165901425549486,2,2.5691666666666664
-0.5646352364300969,0.4168434361190079,2,2.6154166666666665
-1.0880256151673136,0.4781870103497513,2,2.5679166666666666
-0.5525872188163585,-0.05880988883940587,2,2.65375
-0.25221895412653017,-0.5223427843138339,1,2.668333333333333
-0.0186155989489887,-0.6717790299043735,1,2.5504166666666666
-0.9869877390251928,-0.35659133911811935,2,2.3854166666666665
-0.7151280175946131,-0.1222277374087149,2,2.544166666666667
-1.1393547009437648,-0.6224729318604667,2,2.4175
-0.42182483453604497,-0.8496550039775876,1,2.5829166666666667
-0.5367327584892306,-1.5498145100541278,1,2.3383333333333334
0.4250488171824873,-1.5177173050376471,1,2.739166666666667
0.6177533865853193,-2.0334478360743033,1,2.579166666666666
1.1721242523070108,-2.0110908085999335,1,2.60875
0.7462718579015094,-1.4940935354847245,1,2.584166666666667
0.8343197643459562,-1.5002418513356808,1,2.5245833333333336
1.2849199456352074,-2.523572861198957,1,2.3874999999999997
0.22578992833944914,-1.7060231181163923,1,2.41
0.5864819838007577,-1.7303882733291993,1,2.815
-0.16806148037763002,-1.0168676376306935,1,2.5395833333333333
0.1884777107112563,-1.079738798510189,1,2.450416666666667
0.9276197478462546,-1.227050861281714,1,2.6041666666666665
0.3260213995212153,-1.0507046350408848,1,2.4220833333333336
-0.1855859665020853,-0.7323378068563284,1,2.295
1.1062557480822428,-0.9467210651994825,1,2.5091666666666668
0.14609324983917288,-0.8303084569027794,1,2.4204166666666667
0.36829501776161516,-1.2389226771416308,1,2.4616666666666664
0.532034309544149,-1.5268389291929034,1,2.5720833333333335
0.5107345479166644,-0.8175422919035078,1,2.4766666666666666
1.3190676391595286,-1.0488508443872306,1,2.64125
1.3310425056918584,-1.0490882768179564,1,2.6429166666666664
0.11280813338734623,-0.047056498342976864,1,2.5425
0.6006209665055376,-1.784887825564925,1,2.2925
0.2210386130091054,-0.5957360140461977,1,2.698333333333333
0.20448743569594208,-0.6366860379362048,1,2.6916666666666664
1.09412307390161,-1.041580583619566,1,2.8125
1.1303161348561923,-0.9166953347692817,1,2.8175000000000003
0.22871428051986006,-0.7166462085142414,1,2.6737499999999996
1.3795270938737103,-1.5037711628975678,1,2.6479166666666667
1.2087610864212837,-1.2672386608913255,1,2.5429166666666667
0.11670963460205125,-0.4674173565009085,1,2.5383333333333336
0.8299968081330145,-0.4767610273294513,1,2.7220833333333334
1.496345612240181,-1.4146868392654866,1,2.231666666666667
1.7269302869849894,-1.6802231632910536,1,2.3312500000000003
1.010899168956726,-1.4833347336580387,1,2.215
1.7552139768821522,-1.6945507254080105,1,2.377083333333333
1.0148608808591821,-1.1546204954452175,1,2.205416666666667
0.64962896421982,-1.8192494488528232,1,2.3008333333333333
1.0924886294875245,-1.7966821458705229,1,2.1783333333333332
1.3812190829789233,-1.5023287390930204,1,2.1679166666666667
-0.32698929547700584,-1.7577084022490417,1,2.0866666666666664
0.9527072038820059,-1.7328040812454129,1,2.1320833333333336
0.15440425865366744,-1.5807675265725192,1,1.970416666666667
1.8726398219999791,-1.9588655536957214,1,2.3000000000000003
1.6305508400830473,-1.461174387195427,1,2.2083333333333335
1.5040363540107715,-1.6591549184244514,1,2.174166666666667
1.6304689422993546,-1.460041710386258,1,2.20875
1.597684434311688,-1.4395154498412104,1,2.1991666666666667
1.175803432306153,-0.8565195654789173,1,2.346666666666667
0.9365433977036358,-0.9850919977408067,1,2.42
0.9291479371330019,-0.7993547869471359,1,2.389583333333333
0.1517834494700965,-0.6916626557920444,1,2.263333333333333
-0.6052295067534219,-0.4737182014192111,1,2.0933333333333333
-0.6471628964092174,-0.403446803379863,2,2.1091666666666664
-0.18261649188786785,-0.9735247208571561,1,1.9691666666666665
0.5123185219774287,-1.1323071589369071,1,2.1158333333333332
0.7353027291822146,-1.2101099979214671,1,2.0941666666666667
-0.21991984282688815,-0.19546720868176698,1,2.3474999999999997
-0.4419837046707062,-0.12929155282209456,2,2.3925
-1.0513572414852193,-0.3122130233351907,2,2.43125
-0.14632380382706078,-0.7277195770503622,1,2.2150000000000003
-0.27682190614941793,-0.5792653003595818,1,2.2516666666666665
0.007654602164818183,-0.6782818606483851,1,1.9879166666666668
-0.8167687251476238,-1.519136365948814,1,1.7908333333333333
-0.07970028428566672,-1.2015684405520175,1,2.0795833333333333
-0.20754636178578936,-1.112844007002273,1,2.032083333333333
-0.4994219592407648,-0.606931642556512,1,2.435
-0.7484283988688225,-0.25831003898180516,2,2.16125
-0.9187928929048383,-0.16991671774708905,2,2.2675
-1.5632631940841164,-1.069075330115985,2,2.158333333333333
-2.38430555846068,0.5654995492014134,2,2.154166666666667
-2.540125340348363,-0.10155049997519276,2,2.2558333333333334
-1.382591699131561,-0.36152780704785664,2,2.0574999999999997
-1.2694984170394437,-0.23532093485571604,2,2.0966666666666662
-1.1815425975513572,-0.05748495895412973,2,2.0554166666666664
-1.4188049520445938,0.11458557674441523,2,2.1320833333333336
-1.3421822036990365,0.25304736836552894,2,2.09125
-1.5287317076974396,-0.03590003150089275,2,2.158333333333333
-1.20366590342907,-0.11031894280090734,2,2.0591666666666666
-1.4609736099524986,0.2037837191781138,2,1.9329166666666666
-1.5537836012307118,0.1721139811454209,2,1.937083333333333
-1.4818120879123053,0.2770253123825789,2,1.9120833333333334
-1.3922425850235085,0.14070330433335498,2,1.9266666666666665
-1.1090269966508972,-0.18926773404002567,2,2.06375
-1.2060834720982294,-0.21150370070716093,2,2.0883333333333334
-1.230006732249292,-0.31104833493025846,2,2.02875
-1.3706293615982563,0.009662484512082353,2,2.0420833333333333
-1.682643839099209,-0.23601508104374638,2,2.2870833333333334
-1.6490603436982716,-0.38396427906012837,2,2.2966666666666664
-1.8968827081516308,0.735987881617016,2,2.1033333333333335
-1.6617251179337094,0.674695182500796,2,2.1033333333333335
-1.9462323122154304,0.04880830554977906,2,2.1675
-1.8416134576370367,-0.19469782392437163,2,2.1075
-1.9999421207038937,0.08336825001227853,2,2.1525
-2.0385684811951013,0.1509944407748385,2,2.1958333333333333
-2.023742744468677,0.14780538490231446,2,2.1979166666666665
-1.7489334104360414,0.8142286010944249,2,2.1370833333333334
-1.3813999406257753,0.19156152797836712,2,2.195
-1.3812973820440952,0.29205515155091094,2,2.2258333333333336
-0.7275529660838918,0.19941099512104699,2,2.4654166666666666
-1.2567738685649095,0.06926278733113378,2,2.401666666666667
-0.7371871510510579,0.1866797298582109,2,2.2887500000000003
-1.0568131861392265,0.7166794318835176,2,2.1045833333333337
-2.0562325577177387,0.9376344714851961,2,2.0124999999999997
-1.9955473209248433,0.5469615317119899,2,2.279166666666667
-2.2746435681509434,1.1045679706000442,2,2.154166666666667
-2.2340298657520425,1.0784979684758254,2,2.1558333333333333
-1.885348395169717,0.4995997707508691,2,1.9266666666666667
-1.7512758839707288,0.30935049773164974,2,1.89
-1.2083400357330154,-0.40707779112482295,2,2.021666666666667
-0.7556437664421612,-0.1123523981325833,2,2.2558333333333334
-0.9642664942125472,-0.047042479103770525,2,2.2466666666666666
-0.7778774385834288,0.2816915627144092,2,2.330833333333333
-1.3623608856768796,0.7934443065202255,2,2.1233333333333335
-1.4672993860923835,0.8626559826054269,2,2.3695833333333334
-1.81623488214911,-0.3606624048179685,2,2.0562500000000004
-1.4261179879507921,0.06572672289070214,2,2.2308333333333334
-1.537394390281361,-0.3002419961348218,2,2.0120833333333334
-1.2888930576535957,0.6644272066619392,2,2.1141666666666667
-1.28699394779928,0.6387587816727918,2,2.109166666666667
-1.3416489594590708,0.6294889597865403,2,2.0904166666666666
-1.1999380706854492,-0.10870590433988854,2,2.1983333333333333
-1.1774642984143495,0.27389619094099277,2,2.1425
-1.4181419108540667,-0.967725265227569,2,1.9349999999999998
-0.9116701296799194,-0.28069417176357814,2,2.125833333333333
-0.7855822297520682,-0.42168107920408116,2,2.2445833333333334
-0.7199999262037399,-0.16698407647564578,2,2.1225
-0.48925279451197173,-1.1381535533397615,1,2.32
-0.25204987817474506,-1.3864951058019028,1,2.42125
-0.6679185434134022,-1.2667365465744087,1,2.1483333333333334
-0.3652554167229116,-1.1453052835651447,1,2.252083333333333
-0.12562798086622223,-1.1219916414478166,1,2.1550000000000002
-0.7705794336116372,-1.7832402031278187,1,2.10375
0.556412160933297,-1.2901507778392298,1,2.4575
-0.22236322730372352,-1.8507289677880268,1,2.325833333333333
-0.1153941914565386,-1.8697687559542981,1,2.3295833333333333
0.5008766519918103,-1.6096220645467783,1,2.1941666666666664
0.5385211221771545,-1.6311271925587438,1,2.1904166666666667
0.44145484357758347,-1.3864693778341288,1,2.2483333333333335
-0.19476331383646903,-1.1787739244961033,1,2.41375
-0.0816063379435037,-1.418498434949614,1,2.205416666666667
0.14979268098826534,-1.7942350001442933,1,2.1429166666666664
0.0573164801480162,-1.6681064711092997,1,2.1425
-0.040099585074858814,-1.3123934273159952,1,2.2491666666666665
-0.09205407768366342,-2.4041287946294343,1,2.2041666666666666
-0.4633345313640201,-2.0299392135156116,1,2.1004166666666664
-0.25627500985918344,-2.4924482985409995,1,2.2133333333333334
-0.1718764129332853,-2.6512632835454077,1,2.1704166666666667
-0.1951465084769309,-2.519060206538206,1,2.144166666666667
-0.4988361874558674,-2.767242894418539,1,2.2279166666666668
0.3099969693128301,-2.938118328085948,1,1.96375
0.2069608698730504,-2.9576378289862406,1,1.9820833333333334
0.33537535211888914,-2.952424051294703,1,1.907916666666667
-0.10050488762042462,-2.9766833684254568,1,1.9333333333333336
0.040024630963398554,-3.000795352255893,1,1.9608333333333334
0.498847737792484,-3.2825296311467773,1,1.98125
0.36666240628739566,-3.255546248973906,1,1.9529166666666669
0.11350619166566227,-3.3487690512670856,1,2.09625
0.6147802358156282,-3.2472929374791657,1,1.9929166666666667
0.7773596950260956,-2.696349398776453,1,1.9170833333333335
0.752439728665453,-3.3458744022630342,1,1.9966666666666668
0.8347711295561098,-2.7794607244539087,1,1.9220833333333334
1.1803615238238931,-2.52647019563703,1,2.140833333333333
-0.3815933129135765,-2.126989233349342,1,2.1254166666666667
-0.591749675184157,-1.6651832257714034,1,1.7508333333333335
-1.0549112393090805,-1.8310314058887165,1,1.7991666666666666
-1.0645446655825201,-1.8383990001522514,1,1.7954166666666669
-1.307662805396645,-2.029320198467094,1,1.7654166666666669
-1.1589485100889705,-1.9489013365243149,1,1.7429166666666667
-0.9795515557825217,-1.8491207206347515,1,1.8216666666666665
-1.091686264678007,-1.9973658942371726,1,1.76375
-1.1710728268509605,-1.9698685381606393,1,1.7433333333333334
-0.8585335729303105,-2.0257021802040334,1,1.7895833333333335
-1.3107347060213992,-2.036815781538529,1,1.7670833333333331
-1.3408495302218904,-1.9645654753761377,1,1.8470833333333332
-1.310391778221334,-2.0196229784027313,1,1.7691666666666668
-1.1974821345931004,-1.8843344157983661,1,1.8258333333333334
-1.3123183618320782,-2.019619140118531,1,1.7704166666666667
-1.078180037655791,-2.0657889539756056,1,1.79375
-1.0493271198133987,-2.3492485374733327,1,1.8941666666666668
-1.194292040706477,-1.890117556275802,1,1.825
-0.8664124759568407,-2.614759678559382,1,1.8958333333333333
-0.947909115117456,-2.391082349784186,1,2.0775
-1.0344251032816318,-2.490981007100332,1,2.03875
-0.3059315844872899,-2.5779917636702963,1,2.191666666666667
-0.2893489409004963,-2.412581927739917,1,1.95125
-0.32666691961205246,-2.1515403461217364,1,1.985
0.10495222851921905,-2.4998981187267986,1,2.07875
-0.04588581218210093,-2.5419831848486654,1,2.1108333333333333
-0.5599194027011226,-2.6984576943597616,1,1.9120833333333334
-0.5726934069774582,-2.673258474833131,1,2.1225
-0.1486289878217679,-3.173680143913597,1,2.015
0.9317971694825126,-2.345777004788005,1,2.1612500000000003
1.0657825795905067,-2.290163133433723,1,2.2095833333333332
0.6348527252282233,-2.3485910462679698,1,2.129583333333333
0.012469469297656962,-2.82413697867017,1,2.0508333333333333
-0.06884236387900898,-2.657645800152337,1,2.00625
0.0016427449737540618,-2.54053423303356,1,1.9608333333333334
-0.12988561350571706,-2.781961584239336,1,1.9262500000000002
-0.3267067620745534,-2.883646390088824,1,1.9454166666666666
-0.5730675164748752,-2.793599042552773,1,1.9595833333333335
-0.16412437927880402,-2.8804403595066574,1,1.9174999999999998
-0.19089433208608791,-3.06101779265529,1,1.9445833333333333
-0.32668854516501356,-3.0462186170078036,1,1.9770833333333335
-0.4403163228794276,-3.22916798538364,1,2.03625
-0.4495749927249403,-2.9884526669466474,1,1.9737500000000001
0.48914735840601026,-3.2097302289809377,1,2.1354166666666665
0.38865209173129184,-3.1972505768635355,1,2.1041666666666665
0.5984880148503837,-3.2598500063833082,1,2.1408333333333336
0.7992259655411026,-3.1350209837572818,1,2.140416666666667
0.9986341459648118,-2.566987209821515,1,1.92125
1.1842366805184765,-2.726855585467274,1,1.9000000000000001
0.2708706506257773,-2.4858379354923392,1,1.9462499999999998
1.1454124490522746,-1.7836714331638899,1,1.8662500000000002
0.8045684388481129,-1.1425966998751829,1,1.7083333333333333
0.968957845356447,-0.9327557029133211,1,1.7466666666666668
1.099692406926556,-1.348852971522737,1,1.7995833333333333
1.1182575649396915,-1.2882513901641786,1,1.8412499999999998
1.0002815020200726,-1.509594849346082,1,1.8054166666666667
1.1089153512944914,-1.293966661002349,1,1.8291666666666664
1.1438525752125999,-1.2970101458218735,1,1.8349999999999997
1.1758715661601786,-1.316702286461566,1,1.8350000000000002
1.2603415107966176,-1.3859588398912561,1,1.8679166666666667
1.4832273187058485,-1.3727186140168164,1,1.8691666666666666
1.2925528795130596,-0.6874552797191149,1,1.6966666666666665
1.1410423789950985,-0.47928729518425384,1,1.7054166666666666
1.9871845844284142,-0.6752304183863269,1,1.8724999999999998
1.6272812464753927,-0.5185432871781007,1,1.7750000000000001
1.2389747528042787,0.30154480956032836,1,1.6516666666666666
2.286977844745647,-1.860145479153156,1,2.0316666666666667
1.3100613398521983,-0.6694943297689977,1,1.9479166666666667
2.1680562881977026,-0.9883928710339793,1,2.185416666666667
1.825096881124077,-0.059578903820031,1,1.9562499999999998
2.064617767635011,0.32550864908997357,0,1.6199999999999999
2.235823566737158,-0.3118652376153483,1,1.825
1.3746088019874507,-0.43187730391488977,1,1.6029166666666665
2.238212661517006,-0.051520617401453785,0,1.9979166666666666
1.627273682709866,-0.13377563832192818,1,1.6504166666666666
1.7275658342883657,-1.4083761776469463,1,1.7745833333333334
2.054754200339554,-1.856851728338331,1,1.8012500000000002
1.8637978527801493,-0.7312376096643232,1,1.64125
2.452954756359913,-1.2238913656741623,1,1.7895833333333335
2.945409969129739,-0.8579915063476602,1,1.8033333333333335
3.1824191398685575,-2.1796700086583427,1,2.0595833333333338
3.5271555113445365,-2.2263756473860172,1,2.067083333333333
3.644698957755048,-1.3112668958965699,0,1.96
3.6675942928320224,-1.3231873077091372,0,1.9579166666666665
3.5639648553850867,-1.3558812483882439,1,1.9216666666666669
3.5408759488433144,-1.3724809649644611,1,1.9279166666666665
2.4644998962760414,-0.37812307430781233,0,1.6279166666666665
2.870484845778778,-1.239955265446733,1,1.7483333333333337
2.287637851504416,-1.1422376288722451,1,1.6366666666666667
2.4516184452191787,-1.1570124109363948,1,1.655
4.142476314134404,-1.9981258043500882,1,2.205833333333333
3.69353979988504,-2.3938129838534428,1,1.99125
2.7101676399388968,-1.7451541372548516,1,1.7383333333333333
2.2063707868123164,-0.7496260727597679,1,1.5391666666666666
2.4782994128167815,-2.6529940829750966,1,1.8841666666666665
1.64097217741968,-2.4134643434583016,1,1.7108333333333334
1.6214701674690397,-2.412438085245745,1,1.7079166666666667
1.4351471755602003,-2.890709301784793,1,1.9745833333333334
1.4346111058637032,-2.8845877626462255,1,1.9754166666666668
1.0787781834878751,-2.1645784703923887,1,1.6995833333333332
0.9431354804025566,-2.4072487173680663,1,1.9166666666666667
0.8923469153986209,-2.437414192846161,1,1.9083333333333332
1.4010214740434044,-1.8488493418895835,1,1.8225
0.9403734144016128,-2.26238841089676,1,1.9329166666666666
0.48691142690867384,-1.7593954740041322,1,2.07375
1.0954637918663552,-1.60066602423707,1,1.8983333333333332
0.9141698075195407,-1.5783164232459486,1,1.8741666666666665
1.6086755441518994,-1.2901141222441088,1,1.57125
1.7408288819911428,-1.4084504184031712,1,1.5808333333333335
1.279322570670896,-1.3174518426432638,1,1.5404166666666665
0.8291826816761348,-0.6176205318918887,1,1.6766666666666667
2.7914659237721287,-0.4656851069585224,0,2.004166666666667
0.8237706423329848,-1.2029343380851916,1,2.0475
1.8390313672486307,-1.4736890613279678,1,1.695
0.958569000189176,-0.43501699210049155,1,1.4712500000000002
0.5207975901975295,0.28730907009450285,1,1.6512499999999999
-0.15844874971276748,-0.8589275184699293,1,1.9283333333333335
0.37176541683466535,-0.5768874724203502,1,1.7783333333333335
0.8530011169696505,-0.8915569649337897,1,1.5508333333333333
0.30679179122323513,-0.47982117251556466,1,1.7220833333333332
-0.4531438987737219,-0.6359734157350013,1,1.8370833333333334
-0.3298535504118589,-0.6480145051522771,1,1.8658333333333335
-0.08456127311251786,-1.1703829764981355,1,1.925416666666667
-1.0037283988818755,-0.9840908641859025,1,1.7616666666666667
-1.0564215550262614,-1.0587706520351465,1,1.7479166666666668
-1.8008344815186452,-1.237446102561164,2,1.8787500000000001
-1.0380870609627673,-0.7206417438309267,2,1.7754166666666666
-0.9911825263121561,-0.18872720485922492,2,1.6820833333333332
-0.9707005952111154,-0.15200130006973211,2,1.6383333333333336
-0.47423637770094074,-0.22047610573298665,2,1.5983333333333334
-1.2696543782021348,-0.40321514503942046,2,1.72625
-0.540986548764514,-0.09802731638764978,2,1.5683333333333334
-0.467544142007117,-0.22296680977509958,2,1.5979166666666667
-0.5089391896460133,-0.26683634948331253,2,1.5845833333333335
-1.2858669279621926,-0.2401859125400808,2,1.7104166666666665
-1.0666427352377315,0.6329597420088965,2,1.5745833333333337
-0.24282005418945915,0.6318082399506927,2,1.4570833333333333
-0.5693780847340666,-0.148238806525527,2,1.5545833333333334
-1.159607990847671,-0.19885529970789997,2,1.7208333333333334
-1.162307688797046,-0.15593007824705285,2,1.7275
-1.182874940317816,-0.4609359328192018,2,1.7254166666666666
-1.1579589250049276,-0.48525848025697504,2,1.7241666666666664
-1.0691747113939392,-0.6850152429194034,2,1.7566666666666666
-1.1124522914315187,-0.5914466260867641,2,1.7254166666666666
-1.9054039099403308,-1.0149154261478224,2,1.8679166666666667
-0.9620106259964529,-0.7852858221162653,1,1.75
-1.8181291614428596,-1.0259633256224379,2,1.8675
-0.9298338811456084,-0.6562770537906796,2,1.71875
-1.744133070062218,-1.0888526860712364,2,1.8679166666666667
0.5938954007704181,-0.3971233939853126,1,1.6604166666666667
-0.738809632129769,-0.11188507643674636,2,1.61125
0.17732415949641867,-0.12265726703305811,1,1.4858333333333336
0.24058314294822425,-0.8951114920069859,1,1.6354166666666667
0.2965848879318182,-0.9135581987257653,1,1.6370833333333332
0.33245654296603855,-0.9441381271949684,1,1.6316666666666668
0.2868724279386146,-0.8265268074440135,1,1.58375
0.4236654639470579,-1.0094323085607984,1,1.62875
0.37973561159625807,-0.9186439040325575,1,1.5770833333333332
-0.48338553304884985,-1.3746392250686026,1,1.7325
0.5878210748123815,-1.09487721540698,1,1.63
-1.1422870652933215,-1.713908566251481,1,1.9408333333333332
-1.293437747934281,-1.2314171627029706,1,2.09125
-0.28152210354272206,-0.992746385274805,1,1.9587500000000002
-0.2681330000462714,-0.5605939443662761,1,1.9158333333333335
0.5998543809845194,-0.7266608230584776,1,1.76875
-0.3024649604247649,-0.8960266401006126,1,1.925
0.7266416720077725,-0.35527683632841667,1,1.6770833333333333
-0.2290841945254604,-0.8515671708838907,1,1.8829166666666666
-0.14319326403943758,-1.0382642831676956,1,1.9070833333333332
0.1929507300862532,-1.272046549541166,1,1.8237499999999998
0.11242901910524623,-1.5414389860280722,1,1.7033333333333331
0.20648304540130338,-1.7415621998153235,1,1.7274999999999998
0.1265672192825048,-1.5537501566878296,1,1.6779166666666665
0.08783117359367697,-1.710764840254313,1,1.6566666666666665
0.11024363108648919,-2.159636604408491,1,1.6604166666666667
0.1544635705367546,-2.1860433690632144,1,1.6612500000000001
0.9705606108376239,-1.8283833258241275,1,1.4425
1.1309569257990117,-2.2902374657212414,1,1.517916666666667
0.8224998247469363,-1.4392993307300694,1,1.6600000000000001
1.4704803463419391,-0.3955622570033811,1,1.4879166666666668
1.5818009398954815,-0.6137828358082409,1,1.5345833333333336
0.2525819319405033,-1.5597358144785738,1,1.5925
0.1158637382053349,-1.3285814930002537,1,1.5379166666666666
0.0562574579593665,-1.46665151518019,1,1.5079166666666666
0.05928608017945115,-1.4701275528628899,1,1.5083333333333335
-0.9292584715877196,-1.9287785719931436,1,1.67875
-0.8736105295846892,-1.8965840787716155,1,1.7058333333333333
-1.2432677825783027,-1.3797436245868744,1,1.8454166666666667
-1.0729830818812922,-1.7712990130388269,1,1.6587500000000002
-1.975352603364506,-2.0036468547567687,1,1.8
-2.0060224690753143,-1.9250562369142572,1,1.8208333333333335
-1.5908528562454431,-1.6655896860647028,1,1.9091666666666667
-1.9275203322405814,-1.9036570700235207,1,1.8279166666666666
-1.5163928422610313,-1.9612710185157525,1,1.675
-0.8566515631386417,-2.028906139475158,1,1.5875000000000001
-0.8031535679701175,-2.1838481960763034,1,1.8462500000000002
-1.1288774721337564,-1.3837231186873702,1,1.4954166666666666
-2.123880998017378,-1.5462920983075392,2,1.6304166666666668
-1.6982131549740809,-1.2664661088394475,2,1.5595833333333335
-2.3393656009597574,-1.0683569769569161,2,1.7516666666666667
-1.913061903477308,-0.9439066871627307,2,1.8145833333333332
-1.2072045943248533,-1.0910650141795633,1,1.6495833333333334
-1.3117122334439806,-1.2226235396712313,1,1.6224999999999998
-1.5962132460084018,-1.451760709437695,1,1.7245833333333334
-2.8948806396375444,-1.2349598261381827,2,1.7825
-2.3876471618971684,-1.3410976306256164,2,1.7704166666666665
-2.2040854154170124,-1.2954144971162427,2,1.7237500000000001
-2.4014161867811135,-1.384054829006309,2,1.6962499999999998
-2.4107202319484724,-1.5497295316386184,2,1.7420833333333334
-1.8348065112777738,-0.9284884443117034,2,1.7975
-3.0102056464568707,-0.03523048804697707,2,1.8241666666666667
-2.138213412303795,-0.4269857388776519,2,1.67125
-2.4758881158097297,-0.5366859062046933,2,1.6674999999999998
-2.768555785655672,-0.6845679930520419,2,1.6187500000000001
-2.6625559181780827,-0.40956249841592035,2,1.6029166666666665
-2.296846852891319,-0.3316706104558775,2,1.3591666666666669
-2.8509629833364394,0.5598297315304241,2,1.5554166666666667
-3.067117238795258,0.8817455509080606,2,1.5370833333333334
-2.8822755950872767,0.9876112598817649,2,1.4349999999999998
-2.936893852449698,0.9227947966925389,2,1.5354166666666667
-3.569168459902781,0.9052677189965448,2,1.4949999999999999
-3.00673449081138,1.273631320288824,2,1.4679166666666668
-3.285552362222752,1.8093307521265771,2,1.68875
-2.606401486434291,1.6619054120825556,2,1.5195833333333333
-1.5606080893624017,1.7694926377931974,2,1.4954166666666666
-2.5494736359915033,3.0841190325913295,2,1.8245833333333332
-2.7004096228433205,3.6618027276825913,2,1.9062499999999998
-2.940232686865015,3.0337933528883805,2,1.84875
-2.2743452274283564,1.5060899673679968,2,1.5320833333333335
-3.8796026300313953,3.7002169522958206,2,1.937083333333333
-3.934878928848271,2.6858174379242703,2,1.8183333333333334
-3.1988998511803546,3.106566303949088,2,1.7766666666666666
-3.1278949743161957,2.789511078764544,2,1.6516666666666666
-2.4827995355162105,3.1073054589325637,2,1.5050000000000001
-2.5133554064877472,3.0870198950780825,2,1.5141666666666669
-2.6559208806581136,3.2937338676879504,2,1.5516666666666665
-2.6543486071379547,3.2938428999325837,2,1.5508333333333333
-2.54142055752218,3.121350074837028,2,1.5066666666666666
-2.540206931081737,3.1239726105492434,2,1.5062500000000003
-2.445857216601657,3.0500481537057786,2,1.5345833333333332
-2.5397290678894957,3.0768911980909293,2,1.495
-2.75768430431513,3.6715160761016454,2,1.6637500000000003
-2.7535359526052496,3.67542085775844,2,1.665
-2.880299886273674,3.6348554202534933,2,1.6925000000000001
-2.88165713830648,3.631851663658818,2,1.6933333333333334
-2.892698449369406,4.056439780197645,2,1.6704166666666669
-2.073439966273031,4.261458031856831,2,1.90125
-2.7159710965181127,3.7768167895721447,2,1.7354166666666666
-2.8773215941967556,4.0648971405226675,2,1.6716666666666669
-2.7465074184250966,3.7376239185635582,2,1.7279166666666665
-2.0732448288174075,4.256260295698533,2,1.9020833333333333
-2.7104093728010676,3.7528160196058833,2,1.7354166666666666
-2.7177749339705732,3.739871536298125,2,1.7329166666666669
-2.7176378533427163,3.742782902655262,2,1.72875
-2.7959737871311154,3.776815054295068,2,1.7483333333333333
-2.853938270269884,3.8617812428542764,2,1.76625
-2.6245001682377356,3.7597532683094825,2,1.8091666666666668
-2.472065646418157,3.7940825037731485,2,1.83
-2.3481061007431197,3.8039682579089718,2,1.8041666666666665
-2.140725822806204,3.685535715945534,2,1.8933333333333333
-2.194864428294954,3.61087185693512,2,1.8804166666666664
-2.102097639586812,3.6426749463715935,2,1.9012499999999999
-2.1342510239509167,3.5738736694212787,2,1.8883333333333334
-2.0847637407432735,3.5673768722486408,2,1.89125
-1.992698615085539,3.594328543457129,2,1.9108333333333334
-1.7633346840653228,2.9783871042362673,2,1.7420833333333334
-1.9452755346679178,3.547688887419607,2,1.9170833333333335
-1.9742268046483065,3.4880481986048277,2,1.9066666666666665
-1.8803219310863832,3.514475673857832,2,1.9245833333333333
-1.908661101357321,3.4504730006733615,2,1.9154166666666665
-1.8261310196809633,3.4757885101787593,2,1.9308333333333334
-1.85728906549523,3.4098470270414776,2,1.9204166666666669
-1.8342486400639064,3.391221175210845,2,1.9233333333333331
-1.812045716156032,3.377377775634986,2,1.925
-1.5534654478096093,2.7219300612648514,2,1.7629166666666667
-1.6737016030373455,2.713850792475923,2,1.7808333333333335
-1.6340352324806553,2.71584399155407,2,1.7862500000000001
-2.080921940352039,2.3854623491876943,2,1.9129166666666666
-2.1464314158669424,2.745060038006571,2,2.0141666666666667
-2.0582989821545783,2.3694089222306234,2,1.9058333333333335
-2.2729571691243553,2.4596277031691525,2,2.0479166666666666
-2.474795909968427,2.876701339933216,2,2.16
-2.139624666368255,2.468739469125151,2,2.0820833333333333
-1.57186671500883,2.8044244897207347,2,1.9333333333333333
-2.1696890232836292,2.5114920787666,2,2.0716666666666668
-2.1643515520004026,2.513051836306786,2,2.07125
-2.4706464599039575,2.8732280142325446,2,2.160416666666667
-2.4605613349848596,2.8727535076755233,2,2.1612500000000003
-2.4615968492073677,2.874372380921367,2,2.1604166666666664
-2.1480869765199713,2.5033211290885125,2,2.0708333333333333
-2.4515681671139937,2.871192309682332,2,2.1616666666666666
-2.426340590183975,2.8804885551640873,2,2.1579166666666665
-2.4376494898803784,2.8720765236711605,2,2.1620833333333334
-2.345166531126313,2.9918288766295835,2,2.1870833333333333
-1.9608011742090399,2.697845487343519,2,2.1129166666666666
-2.490689066045631,2.7808181728235333,2,2.14375
-1.9707465817869843,2.5119908223486305,2,2.0295833333333335
-1.9430072654460673,2.2773046885209065,2,2.1220833333333333
-2.533074766268975,2.7296951370467295,2,2.17125
-2.522235154184983,2.61748212664415,2,2.19
-2.3864518709218094,2.838103143700552,2,2.2066666666666666
-1.7893613043283927,2.572060681385743,2,2.07
-1.8557283990255253,2.3998767768415763,2,2.044166666666667
-1.5012493138982737,2.2426788125766066,2,2.1058333333333334
-1.709446810607429,2.1527457277762063,2,2.146666666666667
-1.5583816825122083,2.459449189727013,2,2.105
-0.8075307336822917,1.7553597418934221,2,2.1316666666666664
-1.3275139901907587,1.7950276100161429,2,2.0241666666666664
-0.69393437432585,2.3106380207102335,2,1.88875
-0.6756707624198429,1.9927547567768202,2,1.9029166666666668
-0.721149105855286,2.21941067281142,2,1.843333333333333
-0.8017804447594108,2.040493806164542,2,1.8420833333333333
-0.7922473940900446,1.9383062559760722,2,1.8237499999999998
-1.399448905304969,1.6073640466797634,2,1.9179166666666667
-1.4386313253730731,1.608882806213792,2,1.9425000000000001
-1.0339967375803913,2.0293422539583554,2,2.129166666666667
-1.1400439189070573,2.077664276933211,2,2.220416666666667
-0.6433831962554879,1.2483448694022399,2,2.03
-0.8902742338463008,1.5696134546373965,2,2.0908333333333338
-0.6160855619368547,2.0013004865517243,2,2.1841666666666666
-0.31784913734273745,1.7986541048617644,2,1.9804166666666667
-0.5831340465596265,1.1165985577891433,2,2.0095833333333335
0.788712245041004,2.903932014336964,0,2.0708333333333333
0.8589398772167226,2.841142175932392,0,2.075833333333333
0.8849290394004061,2.814702019490239,0,2.0866666666666664
1.0381749339238862,2.634802238910859,0,2.120416666666667
0.8681866616140941,3.0367872411231587,0,2.214166666666667
0.7931822519789172,3.1984553416899026,0,2.1775
0.9353239493799026,2.77180669070844,0,2.096666666666667
1.595595646633398,4.6230346387721015,0,2.41
1.603133635521754,4.595835089199793,0,2.4225
1.8335553242130793,4.132142022159809,0,2.3395833333333336
1.640825003004262,4.10551730152027,0,2.285416666666667
1.5741377798422798,4.0403535135036845,0,2.322083333333333
1.3677253934218352,4.464204979725478,0,2.415833333333333
1.3719594341447074,4.4626734287661165,0,2.4166666666666665
1.36403681969409,4.46649522744976,0,2.4170833333333333
1.5734221956868493,4.035938811924893,0,2.3204166666666666
1.3532855091210951,4.461633525282176,0,2.4195833333333336
1.367439759293391,4.462880676650796,0,2.4170833333333333
1.413963281012881,4.453150618871096,0,2.422083333333333
1.3580772326295705,4.4526747051501685,0,2.42
1.5643289500594832,4.0163104351878784,0,2.3225
2.3119515764940237,5.117346624882405,0,2.5195833333333337
1.309939905768172,3.6830639370157123,0,2.172083333333333
1.5953123928466968,3.983081995694758,0,2.3091666666666666
1.9721336497793684,3.9308978770747935,0,2.2845833333333334
1.9938168149200315,3.994475342015952,0,2.2795833333333335
1.9630082712241712,4.044018389221071,0,2.2608333333333337
2.571160669639317,4.248171941635328,0,2.339583333333333
2.5926153213799004,4.235919655546186,0,2.3408333333333333
2.1949551633672866,3.818402902684835,0,2.2016666666666667
1.8182812193554303,3.3781356406060965,0,2.3545833333333337
1.959002509782165,2.9579393876713986,0,2.169166666666667
1.247521696254181,2.818257029291512,0,2.2783333333333338
1.6498351294863949,1.6522302260970034,0,2.37375
2.051224389477178,2.9276637459477324,0,2.170833333333333
2.497299692613059,3.254177144388665,0,2.3166666666666664
2.9536294818410567,3.378023002574719,0,2.3708333333333336
1.6343142568712643,2.4667413651069223,0,2.2762500000000006
2.207418188623396,2.5920750592014197,0,2.0895833333333336
2.234980459796314,2.5825214285054487,0,2.172083333333333
2.2746480322586455,2.5592959845234673,0,2.154166666666667
2.346666223179702,2.551510375548069,0,2.1462499999999998
2.2874859325860766,2.5218520253681405,0,2.1633333333333336
2.361635199452076,2.3794630201289633,0,2.138333333333333
2.5305583780597734,2.373805146913263,0,2.105833333333333
2.13814844135419,1.5751724431494991,0,2.00375
1.4934575902182654,1.3945891003145245,0,1.8079166666666666
1.4283694653776149,1.3530390986359084,0,1.8266666666666669
1.8932092844167683,1.8072027876707246,0,1.9733333333333334
2.1060193222304275,1.7408307877833775,0,1.9266666666666667
1.545571279389912,1.4921075583542498,0,2.0245833333333336
2.0119500658342733,2.0566492020037135,0,2.12875
1.6648343803531704,2.1256799483226585,0,2.0262499999999997
1.952945623149064,1.712397890549916,0,1.8779166666666667
2.058055622851637,1.7345231708855287,0,1.8637499999999998
2.5809857706751513,2.093169839110457,0,1.9879166666666668
2.44257823715983,1.7260376788538885,0,1.9220833333333334
2.0270779363017297,0.5716768122055005,0,1.9012499999999999
2.3680096041264984,1.8733864072405075,0,1.9179166666666667
1.8801142448189925,0.9621921205015919,0,1.803333333333333
2.6887476847091745,2.230710269773889,0,1.9962499999999999
2.9276891814229833,1.6994114175319628,0,1.97
2.1498272658215605,1.5189385900742591,0,2.0275
2.4061570629522437,2.0057930142961213,0,2.1029166666666668
2.5240397633215172,0.9538754460687979,0,1.9070833333333335
2.676417689220881,0.9512632211107956,0,1.9341666666666668
2.6871084841507855,1.1413289598030956,0,1.8658333333333335
2.6673684456554025,1.3664213007834034,0,1.8529166666666665
3.862192782848766,3.3059473761523854,0,2.1820833333333334
3.708021655985218,3.8629549577944085,0,2.313333333333333
3.2636442585871612,3.0772524128884218,0,2.1345833333333335
3.515006203841406,3.4048040419733905,0,2.19875
4.4372316094383,3.1441591856077005,0,2.2175
3.9338942721358237,2.66785514386136,0,2.0425
4.928887430472169,2.6451357827626154,0,2.143333333333333
3.777327401423886,2.1451706447691645,0,1.9729166666666664
3.9990521741444467,3.345257450669756,0,2.3629166666666666
3.987827837140137,3.873229847315313,0,2.3104166666666663
4.086748913744125,2.4906907658114763,0,2.0008333333333335
4.400473769032591,3.094079065258399,0,2.077916666666667
4.799593862941752,3.1486394644974354,0,2.1620833333333334
4.746076888593784,2.430265857619897,0,2.0970833333333334
5.217814276254856,2.7497599413431955,0,2.310416666666667
4.8569254483421975,2.322160810585412,0,2.1170833333333334
4.866258351547317,2.0413265026017644,0,2.3016666666666663
4.251419541403802,2.257815701277338,0,2.205833333333333
4.562707216202223,1.2525195804001141,0,2.028333333333333
4.580541947612787,1.2774149750048105,0,2.02125
4.545070906346897,1.2198014584485721,0,2.049166666666667
4.4660678422369235,1.0002084889330005,0,1.9616666666666667
4.927732804517518,1.960677599888138,0,2.0370833333333334
3.7864083946240448,1.1887976629854546,0,1.8729166666666668
3.7790253273398755,1.7490816926862276,0,2.0745833333333334
4.387822650127378,2.0351219983481923,0,2.17875
4.446391250051851,2.546809110060034,0,2.2358333333333333
4.253081750102403,2.6998424586681686,0,2.299583333333333
4.051042706324977,2.030606766956546,0,1.9800000000000002
4.55310608348939,2.9161516315532494,0,2.0720833333333335
5.017330086839496,3.1229249218135706,0,1.9608333333333334
4.63191314942659,2.970208307371059,0,2.085
5.187774919997292,3.0506542496956306,0,2.172083333333333
4.6413172823944775,1.3717463521528146,0,1.86125
4.477670050958978,1.87263504152471,0,2.0391666666666666
4.628395823121126,2.1225332895209124,0,2.0812500000000003
4.576307219863618,1.757862678410889,0,1.9949999999999999
4.792611359750586,1.2112597633235092,0,1.8066666666666666
3.823635580625084,1.2393129391290025,0,1.8454166666666667
4.652094299430129,1.7898919723252293,0,1.9808333333333337
4.065319713230948,1.2373257302300313,0,1.8841666666666665
3.74418180205015,1.1551112823554326,0,1.9854166666666666
3.8221941189235493,1.0574844640185677,0,2.0029166666666667
4.086595662856751,1.111240787541327,0,1.9054166666666668
4.102018646602258,1.1705820507178992,0,1.8916666666666668
4.178343237897376,0.9740648493189886,0,1.9266666666666665
4.181678328177887,0.9707802187958839,0,1.9262499999999998
4.173798466449247,0.9611995699418706,0,1.925
4.510519654437554,1.3792155393855898,0,2.092916666666667
4.193052088680399,0.9171886506611373,0,1.9350000000000003
4.2257317808388555,0.9281894067821645,0,1.9375
4.214897671768553,0.8603680844105864,0,1.9420833333333334
4.432583687777786,0.8179050441113811,0,1.9533333333333334
4.651514878863871,0.732809778408189,0,1.9979166666666668
3.624644018245486,-0.2156689628596091,0,1.6533333333333333
4.147514393588124,-0.22856331435531388,0,1.73625
3.7712350647566426,-0.09255308454789446,0,1.6475000000000002
3.892716546906346,-0.2571512007030283,0,1.68
3.8773515564875907,-0.28280878418742694,0,1.6829166666666666
3.9259220140125124,-0.2664180911611896,0,1.7120833333333334
5.472818485188613,1.8637701986172643,0,2.3658333333333332
4.2374677492747,-0.07456099824227075,0,1.9133333333333333
3.8859335148901404,-0.3774742383268953,0,1.7979166666666666
3.509966729650795,-0.8910814410195704,0,1.9850000000000003
3.3520252141626603,-0.20876200846102103,0,1.6479166666666665
3.921341141810793,-0.27246696320364944,0,1.7004166666666667
3.5824183644305654,-0.34619938430044805,0,1.6745833333333333
4.042445846004144,-0.6654545190211467,0,1.8166666666666667
4.036198519317806,-0.23385138996896435,0,1.7425
3.4926335227399616,-0.238126350267387,0,1.7375
2.7482995897214706,-0.009575488996277352,0,1.5858333333333334
2.9607543585168847,-0.4541762787411178,0,1.6870833333333335
3.719780212258899,0.36473061814404767,0,1.9162499999999998
3.187955254132895,-0.49855347180988746,0,1.7137499999999999
3.7276442466983215,-0.1849516054104383,0,1.8970833333333335
3.0310128660782043,-0.4666696794194313,0,1.7366666666666666
3.0915915065116395,-0.64088781188039,0,1.781666666666667
2.6375411777433224,-0.15442430859537964,0,1.6245833333333335
2.8533295153592144,-0.23251698393832274,0,1.7300000000000002
2.794808140258415,-0.5566823335310451,0,1.7908333333333335
2.108650962210789,-0.8963627832374198,1,1.7087500000000002
2.009857894470045,-1.2369647531029815,1,2.0379166666666664
2.078585492709083,-0.8515054737279374,1,1.7108333333333334
0.4050385371486022,-0.9806252845490124,1,1.7066666666666668
1.2717196277656073,-1.41175945151699,1,1.6720833333333331
0.87134625205288,-0.6130318632756964,1,1.5358333333333334
1.353117774019938,1.1846066172118626,0,2.1458333333333335
1.2613590449684284,0.9298267523451808,0,1.9016666666666666
0.8843650350655581,-1.2777879816452329,1,1.76375
1.3694771303441928,-0.6873692856146103,1,1.8995833333333334
0.772711259516199,-1.3273490835101345,1,1.7854166666666667
0.8108440302216849,-1.3275117258410756,1,1.7745833333333334
0.900094992942002,-1.2913845448312997,1,1.7604166666666667
1.3975322902403258,-0.18564961748959496,1,1.8379166666666669
1.5564616077026237,-0.38360946143993363,1,1.9400000000000002
0.6529046975670963,-0.8992668995193603,1,1.5920833333333333
1.3793754847778599,0.04184452834951679,1,1.7558333333333334
0.599328266943239,-0.3070083637464238,1,1.4825
1.27959756910756,0.6053093116544371,0,1.6616666666666668
0.6803679485518388,-0.34301478016907005,1,1.4829166666666669
1.2589891675841256,0.1270948716285411,1,1.6754166666666668
0.632383310138532,-0.025377868767368045,1,1.794583333333333
1.3402000786518302,0.004194461711461922,1,1.6533333333333333
1.5830776633639487,0.021975425302715578,1,1.6137500000000002
1.4560216787883693,-0.06292076926211157,1,1.6000000000000003
1.1937366182162426,-0.542856391830405,1,1.9054166666666668
0.9716738711140593,-0.16992246115205908,1,1.75125
1.315963391526817,-0.6284469734824277,1,1.92375
1.2782786601506044,-0.5148492469793933,1,1.8695833333333336
1.128806324254157,0.6782325092496647,0,1.8208333333333335
1.240649898253986,-0.02194106377091022,1,1.8408333333333335
2.40878262007358,-1.4855730265719655,1,2.191666666666667
2.350131126574742,-0.5889943862635064,1,2.1487499999999997
2.1115165118310832,-0.2688333156540443,1,2.0054166666666666
3.3364404988585434,-0.45684468867319156,0,2.14625
1.4271260790446263,-1.63239939248009,1,1.8395833333333336
1.4209171648874064,-0.380577005319095,1,2.2191666666666667
2.4226618315444974,-0.2763741267995384,0,2.305416666666667
2.2869537280155283,-0.47909017329189996,1,2.2183333333333333
1.9418908300285036,-0.6621642109999815,1,2.205
3.579250706851923,-0.40993514398803155,0,1.89125
1.6614904615314157,-1.1764290795323742,1,2.0741666666666667
2.6040717216156564,-2.0266344969720906,1,2.2995833333333335
2.5876327398767773,-1.9990079605853104,1,2.307916666666667
2.499587308462039,-1.19752452542513,1,2.2449999999999997
1.6675108670486218,-1.783581491773263,1,2.1470833333333332
2.676257605087595,-2.6098365293691868,1,2.3858333333333337
2.034941731101285,-2.250451696141694,1,2.2258333333333336
2.0335857297516142,-2.250271732627722,1,2.2191666666666667
1.1704467825507618,-1.5452985312178256,1,1.9983333333333333
2.065091731884539,-1.393556854038647,1,1.8195833333333333
0.194018012613368,-2.2658988441217067,1,1.95375
1.3147127319867964,-2.0905422999707817,1,1.8033333333333335
1.7772064279154165,-2.3616414140311863,1,1.934583333333333
1.7951377013262302,-2.2204181456263803,1,2.04625
1.869574544473377,-1.7391457767591167,1,1.6449999999999998
1.5551772715857035,-2.235610516239834,1,1.6075
2.8930294997090877,-2.3193265857341494,1,1.9783333333333335
1.910085660371399,-1.7655891962700252,1,2.0308333333333333
2.145543585258767,-2.684939578123391,1,2.0925
3.599562134346509,-2.7102356633929205,1,2.1416666666666666
3.6692666174760555,-2.7510883757746694,1,2.1195833333333334
3.698650702977211,-2.7471250489494525,1,2.1170833333333334
3.4942581277770657,-2.7920834881294803,1,2.16
3.6368982015653617,-2.787404586114858,1,2.1029166666666668
3.4818501003560702,-2.89105903069545,1,2.12875
1.8301907476411445,-2.522893313254347,1,1.8195833333333333
1.8577673654139615,-2.5316999935504945,1,1.8145833333333332
1.7561979991257488,-3.0236663812319353,1,1.9179166666666667
1.045974639859358,-2.9093967587949794,1,2.0854166666666667
1.1973214175807756,-2.3451850462764265,1,2.00625
0.541153892979536,-2.1464787321332506,1,1.8487500000000001
1.8471819667050389,-3.0505611186500996,1,2.2483333333333335
1.9478398247053417,-3.279137652872797,1,2.265
2.3240187424920533,-2.9842062388241883,1,2.0704166666666666
3.135874837915658,-3.381973411761714,1,2.3158333333333334
2.130100850705668,-3.1234694867364103,1,2.486666666666667
1.8843712588250034,-2.483684215103151,1,2.09375
0.6222938895199727,-1.6513168194489967,1,2.06
0.7329466129492996,-2.37516218881328,1,1.9041666666666668
1.4909733214560033,-2.6274159474726586,1,2.0395833333333333
0.6005610712542089,-2.445789782880075,1,1.9054166666666668
1.544687106827989,-2.8201554109392064,1,2.112083333333333
1.52263214351709,-2.581789750017779,1,2.0825
0.5918212207642205,-2.440531242470826,1,1.92875
1.8584344835424922,-2.5218301454902035,1,2.143333333333333
-0.06691062293628731,-1.720525997125213,1,2.1366666666666667
-0.25167184229581335,-0.40306926745085264,1,1.9962499999999999
0.28764499795360254,-0.995594518567276,1,1.87375
-0.387559585572721,-0.10643207365091704,2,1.8679166666666667
1.1289247053352465,-0.7860863736884145,1,2.0275000000000003
-1.0599793048413828,-1.66897057112132,1,1.7741666666666667
-0.2567369172889316,-0.1972354470830774,1,1.8341666666666667
1.3262774038781255,-0.44391996916385895,1,2.214166666666667
-0.59445700886157,-0.5918430859771073,1,1.915
-1.0521500473122243,-0.9088216181280744,1,1.57
-0.6788599099604883,-1.0187689360609338,1,1.6495833333333334
0.4282755669919387,-0.934143175083484,1,2.2533333333333334
-0.17953761089256468,-1.150331129632891,1,2.191666666666667
-0.845981344509887,-0.8350156717368397,1,2.1079166666666667
-0.22363752440448323,0.6021244853709802,2,2.3845833333333335
-0.017893771510591,0.17398427365653796,1,2.547916666666667
-0.5767498578318674,-0.1581522402883019,2,2.125
-2.2614281089126638,-0.644113609317232,2,1.8891666666666669
-2.386056599373555,-0.6646562189592741,2,1.873333333333333
-2.8382797247807616,0.04653381299165967,2,2.0641666666666665
-2.6946308300702633,-0.15665670637843068,2,1.9929166666666667
-2.984652439094879,0.39421311287780153,2,2.185416666666667
-1.5557055962542525,-0.525313227508473,2,2.0333333333333337
-2.44811209763761,0.13814447834014354,2,1.7537500000000001
-1.7042055612218219,1.0890976691535812,2,1.7704166666666667
-2.037473322432301,0.3375093288119682,2,2.0791666666666666
-2.40292936083765,0.9729062666694906,2,2.1962499999999996
-2.460677447747299,0.24585273495370277,2,2.16375
-2.4608010918230048,0.24903886600681924,2,2.1641666666666666
-2.773091379018167,0.8620648323497556,2,2.2983333333333333
-2.75546401324322,0.8615628577260623,2,2.299583333333333
-2.4431057322483762,0.21780607512797343,2,2.15625
-1.0460067079939772,0.8114657264276935,2,1.9125000000000003
-2.022934933092206,0.965225661187871,2,1.88
-2.019133028306351,0.9484984229084567,2,1.8779166666666667
-1.364811815046634,1.2367879352155478,2,1.7370833333333333
-1.4156489955332103,-0.16626216770874735,2,1.8862499999999998
-2.3429391603571887,1.5727048905307193,2,1.7195833333333332
-1.8933986884009943,0.8498255397677148,2,1.88375
-1.6446491716293576,1.839048316889517,2,1.5891666666666666
-1.133122671847739,2.1004153380886486,2,1.8175000000000001
-1.0519035543960087,2.092957525263265,2,1.8358333333333332
-1.062624064771181,2.024215618162334,2,1.8237500000000002
-2.2644130369348265,1.0418125089971704,2,1.9820833333333334
-2.7080845821817596,0.8015831275710884,2,2.0216666666666665
-2.044595235782868,0.7891444594026107,2,1.9183333333333332
-2.0121073587798657,0.7647478282409707,2,1.92
-2.5861233878526084,0.7555525928906894,2,2.044166666666667
-2.402030093307179,1.2676189711474122,2,1.7845833333333332
-3.040562588297293,1.7612786708838326,2,2.044166666666667
-2.729213633084563,1.0458802773913343,2,1.8837500000000003
-2.987518819459344,0.048081504103324575,2,2.0254166666666666
-3.4344666579257304,0.18345564113437435,2,2.14875
-3.2322609524953196,-0.3865290490956036,2,1.98375
-2.7432880524303895,-0.47441065883934225,2,1.8591666666666669
-3.428323861095482,0.16914429679735635,2,2.135
-2.756103415840582,-0.5132898618230354,2,1.8516666666666666
-2.2567730460964235,-0.42403905857752905,2,1.7579166666666668
-2.773313808735461,-0.4837397993268268,2,1.8679166666666667
-3.234792926086876,-0.4078068075421908,2,1.9808333333333332
-3.2459536109068488,-0.3969304465835371,2,1.9820833333333336
-2.92216100370511,-0.8273054312605597,2,2.155
-3.2303511385844392,-0.39395235871119727,2,1.9858333333333336
-3.0997940739996817,-0.22030864685036405,2,2.3279166666666664
-2.807700684263136,0.675983208981107,2,2.1941666666666664
-2.909408213211313,0.5420522922898219,2,1.9025
-2.8536675141811245,0.7425650856820197,2,2.2075
-2.615851589923886,0.20424897621520643,2,2.0708333333333333
-2.6714115406116483,0.21939086650300704,2,2.0591666666666666
-2.665045078273575,0.20755279511996222,2,2.0620833333333333
-2.6268983272040045,0.16656693475016396,2,2.06875
-2.638491711224538,0.08990960370875514,2,2.0329166666666665
-2.482818259514146,0.3975242763336118,2,2.305
-2.4367928407997477,0.40799566131397896,2,1.8304166666666664
-3.064195166638457,1.1002935105716247,2,2.0574999999999997
-3.1350071968002724,1.201963490263151,2,2.0529166666666665
-3.005624402993325,0.1907617754511068,2,1.9483333333333333
-2.9343236788060167,0.5150656008092763,2,1.8708333333333336
-2.884081083826344,0.5088126366515182,2,1.8816666666666668
-2.833288317020067,0.4350281669059815,2,1.9216666666666669
-2.961515045991072,0.11171036470185221,2,2.013333333333333
-2.903721085226088,0.100426793918698,2,2.02
-3.064756681982844,0.4767815331890329,2,2.1374999999999997
-2.99516466173006,0.4849214534458106,2,2.1495833333333336
-3.019933720450258,0.41402276360449375,2,2.14
-2.3485922199454454,0.5052048828511772,2,2.01125
-1.8043005133131371,0.36177103537303534,2,1.8854166666666667
-1.7242240152059822,0.28152094883708007,2,1.9091666666666667
-2.424452011353077,0.2344543153112983,2,2.0170833333333333
-1.999990357765931,0.5025370625516867,2,2.2075
-2.057444479135233,0.44708779518150815,2,2.1950000000000003
-2.163545974908275,0.152714251668834,2,2.0925
-2.020788233057006,-0.5889580900014272,2,1.8745833333333335
-1.7370633580069723,-0.9856679825752211,2,2.0120833333333334
-2.1672243939285307,-0.09999621068444778,2,2.055
-1.9523292059723505,-0.12118349199557164,2,2.2845833333333334
-1.7712073240060853,0.2601834323251866,2,2.223333333333333
-1.1376783951983447,-0.596161030201082,2,1.7320833333333336
-1.2971905552134402,-0.6640707998102132,2,1.7474999999999998
-1.1448998992688146,-0.8071288668011444,2,1.7995833333333333
-1.0730870259893588,-0.9398428059520709,1,1.7695833333333333
-1.121914779120433,-1.1071006342666307,1,1.7533333333333332
-1.2829238544216104,-1.13696224471097,1,1.7504166666666665
-2.1271897329746126,-1.3894319001259638,2,1.8570833333333334
-2.21355217475077,-1.5096667546015827,2,1.8220833333333335
-1.9629162259131503,-2.3142216848912303,1,1.94625
-2.0174621408164013,-1.8888585612835902,1,1.8879166666666667
-2.019943552577767,-1.8855087602232723,1,1.8870833333333332
-2.032482845457021,-1.8935039243506995,1,1.8845833333333335
-2.0251703432501156,-1.8879764950387046,1,1.8883333333333334
-2.292656915501736,-1.0966050276406683,2,1.7629166666666665
-2.310491370341869,-1.1080385412740734,2,1.7579166666666666
-2.881361905365439,-0.9831919324333636,2,1.9004166666666666
-2.140914764632771,-1.019095501051768,2,1.705
-2.4047749430474044,-1.0041148382749698,2,1.7679166666666666
-2.051522514875008,-0.9002885784068955,2,1.717083333333333
-0.7416321369908626,-1.2632673691376073,1,2.0475
-1.4897609858404466,-1.4105125011806847,1,1.8412499999999998
-1.9838351858047119,-1.0644706208602113,2,1.9966666666666668
-1.5500054547291053,-1.2653173609138593,2,1.8170833333333334
-1.862089109244997,-0.6021619694301282,2,1.6570833333333335
-1.906645759566849,-0.5548767261321109,2,1.6720833333333331
-1.8469557961694112,-0.5309116975189019,2,1.64125
-2.1825392286403855,-0.007352274068705009,2,1.6925
-2.161621623360696,0.04623125644060103,2,1.7266666666666666
-2.113672528927226,-0.014862452887621752,2,1.7470833333333335
-2.082068643301351,-0.0595539238665082,2,1.7320833333333334
-2.4588289241207297,-0.11943644547223772,2,1.781666666666667
-2.6456567405830285,-0.40863001720638203,2,1.8016666666666667
-2.641254173299793,-0.4130728588293494,2,1.8020833333333333
-2.6856598361992616,-0.291668280969831,2,1.781666666666667
-3.0188186921678044,-0.30704394574900323,2,1.8079166666666666
-2.7815130207079792,-0.2546902861386002,2,1.7591666666666665
-2.4543880680597923,-0.22239231183375846,2,1.7345833333333331
-2.885252042996756,-0.33417496910023226,2,1.789583333333333
-2.8882722322627172,-0.3587183701201543,2,1.7433333333333334
-2.912350602398041,-0.4354291309535,2,1.7891666666666666
-2.6040432475374167,-0.34582000762407145,2,1.7891666666666666
-2.796292969804061,-0.3039260333158663,2,1.7766666666666666
-2.197347124573361,-0.0590746553353763,2,1.7300000000000002
-2.4696635258345,-0.2004173514157648,2,1.73375
-2.061295713286417,-0.051851138398248765,2,1.6537500000000003
-2.0196512585005304,-0.07023034060854005,2,1.6595833333333332
-1.99795562230637,-0.09057150365369669,2,1.6624999999999999
-1.942809532895636,-0.24473316021121716,2,1.6833333333333336
-2.0464805279327756,-0.12346276806414733,2,1.7620833333333337
-2.1668908964087543,-0.05707294916182527,2,1.735
-2.253025723647004,-0.04594881313000257,2,1.7154166666666668
-2.5727559033974545,0.47125053401857697,2,1.89875
-2.299484644598493,0.29948697661733636,2,1.9520833333333332
-2.5676775871738187,0.7772699854068117,2,1.8195833333333333
-2.2571934806159155,0.663671452802973,2,1.8954166666666667
-2.191955093958858,0.87655366296187,2,1.8983333333333334
-1.8510303366666456,-0.1089429240485428,2,2.0591666666666666
-1.8829938267001225,-0.04719181897984761,2,1.8808333333333334
-2.03671245306814,-0.4095711683067704,2,1.9529166666666669
-1.9048743067133562,0.41041298522939834,2,1.8191666666666666
-1.947969276835968,0.4139446351165256,2,1.8079166666666666
-1.94907979787799,0.3982496398105471,2,1.8033333333333335
-2.1166510986973437,-0.36370343763123714,2,1.9275
-2.0876216792480973,-0.3866898661842976,2,1.9304166666666667
-1.467143667969297,0.48382963583254734,2,1.7241666666666664
-2.1115835091796398,1.1407969846425865,2,1.9800000000000002
-2.0827997152414373,1.1126697258299352,2,1.98125
-2.041645046113041,1.0917624127225245,2,1.9858333333333331
-1.87327431027798,1.09044939525592,2,1.9645833333333336
-1.6610989524731241,0.977950290692168,2,1.8908333333333334
-1.6980401250601693,0.8959592414828363,2,1.985
-1.1966775370311056,0.5280891243403711,2,2.1487499999999997
-0.8913640618403346,0.5307232529959924,2,2.18125
-1.43189160655399,0.679188773085153,2,2.055
-1.4914313852921495,-0.05435654433203451,2,2.0995833333333334
-1.247547003917782,-0.255946850290213,2,1.8991666666666667
-1.3049808262024816,0.2158869217134249,2,2.175
-1.2176624657532593,0.1315442780605248,2,2.1791666666666667
-1.1606655473159628,0.6196258399312301,2,2.14125
-0.5918495462974376,0.39757341969578813,2,2.1129166666666666
-0.8485929050697039,0.21928862591829318,2,2.0508333333333333
-0.9535292811071095,0.24362803101989225,2,2.203333333333333
-0.2917588522901035,-0.48990459258676045,1,2.2408333333333332
-0.2008491221030305,-0.209357558651132,1,2.370416666666667
-0.8550877476121405,0.0662388706093095,2,2.1545833333333335
0.009757870528759484,-0.2105647139001478,1,2.341666666666667
-0.27262813679348186,-0.02122606675207564,2,2.1683333333333334
-0.8822821709530275,-0.1679331490887435,2,2.5275
-1.0528603188918297,0.06126547684208662,2,2.5570833333333334
-1.0486284723095518,0.10244610778077853,2,2.5795833333333333
-0.5480755461974651,-0.03538151210074273,2,2.466666666666667
-1.0171041810761112,0.5208221364993554,2,2.692083333333333
-0.9939021495820087,-0.1717532471587851,2,2.74
-0.5748455349053457,-0.09696320436941293,2,2.6308333333333334
-0.27826862911532424,-0.6934375854547404,1,2.4829166666666667
-0.61980373666498,-0.46226642518642735,1,2.48375
-0.64100345316991,-0.2493570548607441,2,2.445
0.4382590448993332,-1.133056155984581,1,2.3916666666666666
0.6702042828870828,-2.099562438835825,1,2.5391666666666666
1.37065972436949,-2.3480867453840584,1,2.6654166666666668
1.392960517899102,-2.03540921157122,1,2.62875
0.9814729935421038,-1.8564133990103646,1,2.599583333333334
1.0027833280528584,-1.8259689136378898,1,2.6004166666666664
2.392289823189805,-2.1538558006057555,1,2.5195833333333333
1.02726531852025,-1.9236586998756506,1,2.5729166666666665
1.7502002322147368,-1.8268048403579638,1,2.654166666666667
0.528581877833023,-2.356367464283214,1,2.1029166666666668
0.8784237432543153,-1.6046517813990246,1,2.3024999999999998
-0.5518999206497215,-0.7215649377445202,1,2.28625
0.3684614598812184,-1.0890280402735,1,2.4099999999999997
-0.6571432031282961,-0.8020984475659205,1,2.339166666666667
0.3766171410835419,-1.0842497370312902,1,2.4099999999999997
0.3039907247589339,-0.7123979816291813,1,2.4116666666666666
0.8767219649764413,-1.113970193747944,1,2.5970833333333334
0.33643037342230325,-0.7168446210001908,1,2.415833333333333
0.3361845215158807,-0.7202211349977279,1,2.4141666666666666
0.8948530956343498,-1.5899497965987592,1,2.3029166666666665
0.880340189687019,-1.140239800029825,1,2.5954166666666665
0.8573055090861653,-1.1180767238896163,1,2.5933333333333333
0.293992523119321,-0.9470322542209183,1,2.4525
0.9480684333214466,-0.9002184955264838,1,2.560416666666667
0.9674809159153783,-1.1274020762354016,1,2.6058333333333334
0.8714727910786066,-1.1284694943359024,1,2.5929166666666665
1.5081891099865055,-1.5595184080119673,1,2.4045833333333335
0.33688823304453286,-0.9592627892134765,1,2.4583333333333335
0.3774691310430509,-1.109923491029925,1,2.42625
0.43335887058733485,-1.1506561546506382,1,2.4012499999999997
0.8812623056872293,-1.7203338700127269,1,2.22125
0.36804567599495597,-0.48264706393745416,1,2.5970833333333334
1.3628658045816833,-2.07607079339823,1,2.33875
0.969884070079163,-1.220914416667444,1,2.1266666666666665
0.6773076800232913,-1.189469008328774,1,2.1199999999999997
0.8446185027067272,-1.3140731219800441,1,2.09
0.8159341179668551,-0.8549492416800354,1,2.0170833333333333
0.32929508548152725,-0.07827909745051308,1,2.219583333333333
0.4328063158180381,-0.700844063181558,1,2.1304166666666666
1.230675028433873,-0.9523056498824407,1,2.2720833333333332
0.9705752823758098,-0.8503557289512144,1,2.063333333333333
0.22901059729956677,-0.6509448179328815,1,1.9083333333333334
0.2518742447257039,-0.6613737921115269,1,1.9075
0.9749121197466137,-1.5084612902247132,1,2.0675
0.047384257522070046,-0.8632813918194685,1,1.8425
-0.07171657807034121,-0.8951991779435997,1,1.8654166666666665
-0.18883030978002396,-0.1063172938523288,1,2.0525
-0.13366528111026965,-0.9925708422329136,1,2.029583333333333
0.9900711635976528,-1.5247507360245087,1,2.1162499999999995
0.8512581273258408,-1.4891942685615633,1,2.0870833333333336
0.14646681078307855,-1.2941467293178617,1,1.9458333333333335
0.8390623797075064,-1.4891812138549554,1,2.0879166666666666
0.21399602249229563,-1.3233540091766174,1,1.9491666666666667
0.15530323412979527,-1.317200864630019,1,1.9395833333333334
0.15373230809477276,-1.3185606949585216,1,1.940416666666667
0.023636963979410612,-1.5545762908693315,1,1.9637499999999999
-0.12040136623515908,-1.3395129337449447,1,1.8775000000000002
1.487209203979639,-1.3352742595778846,1,2.123333333333333
1.5805682677152404,-1.9527926725960831,1,2.2104166666666667
0.8851915622781356,-0.42494021720858016,1,2.3625000000000003
0.2831919605232688,-0.16333347706069204,1,1.998333333333333
0.6241697229876699,-0.08187152007191936,1,2.3249999999999997
0.13593312694103374,0.4748019462536765,2,2.1341666666666668
-0.4257715698471549,0.09201351257222055,2,2.1579166666666665
-0.6549875302952979,-0.410934814751093,2,2.25625
-1.1692043501820173,-1.0439024516900655,1,1.9316666666666666
-0.7324195434800049,-1.4198383423802188,1,2.0079166666666666
-0.3497366027410026,-0.8685417610221026,1,2.266666666666667
-0.2916871046314733,-1.0027036061453034,1,2.4654166666666666
-1.015445551431483,-0.2940397212059191,2,2.25875
-1.2980115175004494,-0.3492064972059099,2,2.08375
-1.6690190649942114,-0.34845888470784003,2,2.0754166666666665
-1.8422014978661292,-0.536964339476064,2,2.065
-1.592113119114325,0.23478045160976369,2,2.1075
-1.5830783278900764,-0.041620506564046054,2,2.09375
-1.6519725687254387,0.07652536516625608,2,2.0816666666666666
-1.1885714024194605,0.18840822554844933,2,2.005
-1.1671750910333527,0.1854653441125347,2,2.0079166666666666
-1.1665553810866933,0.1935894843482661,2,2.0079166666666666
-1.1543815049739745,0.194917472327592,2,2.009583333333333
-1.2973652351994365,-0.39692773065801457,2,2.1041666666666665
-1.3071795047183794,-0.4042054082242499,2,2.1029166666666668
0.022959908304078045,0.01165624285838774,1,2.14875
-1.3391507612538054,-0.519520439170709,2,2.20875
-1.2983797186522066,-0.1339100445256905,2,2.0812500000000003
-1.3591017793902556,-0.7602801100528199,2,2.183333333333333
-1.519342118381659,-0.18982752876284273,2,2.3558333333333334
-1.5776288305586272,0.2746503969768093,2,2.21375
-1.4435279688007023,0.30569431736593883,2,2.1925000000000003
-1.5253214133001562,0.23040979513070625,2,2.209166666666667
-1.494424391341871,-0.06480706417241615,2,2.3033333333333332
-1.4123072440641544,0.07942952771888415,2,2.185416666666667
-1.5714733737330706,-0.40632211086098363,2,2.31125
-1.7980436452208002,0.22812834121700495,2,2.22625
-1.3787450322261807,0.9043362179683635,2,2.089583333333333
-1.313389151318075,0.7978971708375469,2,2.067083333333333
-0.9480807970549329,0.31238532384664325,2,2.2216666666666667
-1.6097598764352763,-0.0974026085315212,2,2.0733333333333333
-1.9781779705403568,0.6652376185949233,2,2.0829166666666667
-1.7183148535773898,0.14323686471435085,2,1.9620833333333334
-1.5488838935850597,0.36001330441049806,2,2.27375
-1.284393449245594,-0.12753152906332724,2,2.1875
-1.485765284537633,-0.09023747213293681,2,1.89
-1.2385941686536073,0.3724928980383908,2,2.245
-1.5346401485961878,0.9671348344127694,2,1.985
-1.5139695640495692,0.90339407219718,2,2.0316666666666667
-1.2998397960241406,0.3390081439880611,2,1.8862499999999998
-1.1305319342193558,0.22536126605812545,2,1.8383333333333336
-1.3798298577632317,0.24550790447781348,2,1.89625
-1.3431810208168915,0.23123789390370506,2,1.8991666666666667
-1.3828539324784095,-0.11768065054148054,2,1.8104166666666668
-1.4406484202703134,0.4190674360264793,2,1.8674999999999997
-1.2988238193749457,0.1614550182667204,2,1.8141666666666667
-1.2316314202791396,0.13160491725569093,2,1.8195833333333333
-1.2297375123321974,0.09862538229199502,2,1.8170833333333334
-0.8641530440004481,0.37929644048995204,2,1.9391666666666667
-0.7906359605373672,0.20539313317994243,2,2.03125
-0.7091768100518039,0.022136699392555692,2,1.985
-0.5427492397628053,-0.6002734335421689,1,2.2100000000000004
-0.7474315833122742,-1.131453353753835,1,2.0837499999999998
-1.0188012302693759,-1.463354426775635,1,2.3533333333333335
-0.8329115586821532,-1.6821190320331743,1,2.3808333333333334
-0.6859338899633737,-1.2215309831252366,1,2.5258333333333334
-0.7409094577237628,-1.7372433093752686,1,2.3508333333333336
-0.9816220191553358,-1.6238890637798014,1,2.2591666666666668
-0.5995231488757733,-0.9744495508486214,1,2.3858333333333333
-0.42910189631382406,-1.9631987426760498,1,2.2783333333333338
-1.0857092636914287,-1.8383602933988872,1,2.3716666666666666
-0.6063510252528228,-1.3850349727538607,1,2.129583333333333
-0.3856641710196863,-1.918622023935496,1,2.2191666666666667
-0.4164819239829539,-1.674915750470457,1,2.17375
-0.3511088434593185,-1.7169656547601138,1,2.1795833333333334
-0.20043766378974295,-2.1470046789488006,1,2.1595833333333334
-0.011194201850874677,-0.8892339943592183,1,2.18125
0.0214193914476012,-1.4008202221543982,1,1.9416666666666667
0.4077595039338414,-0.5993270921711598,1,2.3350000000000004
-0.0875768407905575,-0.8637348930997524,1,2.3425
0.7680072969289635,-1.8156658553391618,1,2.16375
-0.3952744479120273,-2.167173675328639,1,2.037916666666667
0.3599766577469667,-1.8895061466852274,1,1.87375
0.43676138611997206,-2.1651634943476354,1,1.955
0.20321251652357436,-2.193450054451201,1,1.9279166666666665
0.5167077894999261,-2.1195993978726495,1,1.8654166666666667
0.4403163600961805,-2.677397250467521,1,1.9554166666666666
0.056056899082237,-2.8429455480273544,1,1.7979166666666668
0.7545964756652693,-2.989380235689856,1,1.9166666666666667
0.5500876617056468,-2.5968055597492596,1,1.8616666666666664
0.8325542638137257,-3.086874800111146,1,1.9441666666666666
0.3881856453999646,-2.8295343474566432,1,1.9887500000000002
1.024286787455225,-2.2711700217615203,1,1.9566666666666668
0.7188027468808333,-3.233281709251942,1,2.1041666666666665
0.6718929845227809,-2.6517933248005634,1,2.084166666666667
0.4466088985964595,-2.91284407980931,1,1.9725000000000001
0.5818571409082293,-2.379355016592345,1,1.8875
0.352583368414801,-2.508144999529984,1,1.9991666666666668
0.4244289727144692,-2.83839128453719,1,1.9945833333333332
0.13684591566420337,-2.9924071212976,1,2.1354166666666665
0.027722921258640662,-3.6549576930823884,1,2.1754166666666666
0.5483797103675115,-2.1854088947936314,1,1.9258333333333333
-0.16123912968886484,-2.556732503155658,1,2.0108333333333333
-0.18051097273034955,-2.9595668735962617,1,2.155
0.502831840550891,-2.5474680617762244,1,2.07625
0.3780617732896242,-2.7227921486587086,1,2.0279166666666666
-0.31821995023668426,-3.0199117980667154,1,2.1791666666666667
-0.08097420196652769,-2.3590394697663872,1,2.141666666666667
0.17869457079170292,-2.8892889855240003,1,1.9966666666666668
-0.15253994090608455,-2.63144122079344,1,1.9920833333333334
-0.18685527595771567,-2.9659519848409457,1,2.1520833333333336
-0.4028042737151077,-3.206932476853841,1,2.1166666666666667
-0.2957857305399787,-3.146288173916042,1,2.0854166666666667
-0.4002073334938608,-3.2024270475841066,1,2.1162500000000004
-0.4039029101814573,-2.7312984403464737,1,2.0545833333333334
-0.32880059365216174,-2.6084919727769647,1,2.07625
-0.13911499823936946,-3.0993422223848017,1,2.0525
-0.40120046503377815,-2.6651574647588983,1,1.9075
-0.17106863779082707,-2.5345568337167537,1,2.0516666666666667
-0.7285733198906121,-2.128815131389307,1,1.9204166666666669
-0.8287293707818492,-1.9732016643997656,1,1.82875
-0.8265354735653866,-1.972799100136009,1,1.8283333333333334
-0.8142484328047941,-2.017456538028717,1,1.8191666666666666
-0.6842313411376924,-2.3661529530932235,1,1.9845833333333331
-0.7400040868255283,-2.000360823017038,1,1.8491666666666668
-0.5445791115173648,-2.1562743149901227,1,1.9558333333333333
-0.62007163237785,-1.5199724484384207,1,1.7754166666666666
-0.8501465254423729,-1.7666918178327846,1,1.7958333333333332
-0.6979057719681028,-1.8683725096055193,1,1.8508333333333333
-1.126940150926166,-2.044753028445917,1,1.845
-0.5057732917863859,-2.5186014949284705,1,1.92875
-0.8112175321739742,-2.12253338550807,1,1.8275
-0.9680943705717006,-1.9735308460440326,1,1.8237499999999998
-1.0244136157756605,-1.7054139993205712,1,1.8666666666666665
-1.10237093325307,-1.6939786011062798,1,1.8408333333333335
-0.7463277851108263,-2.654969742885387,1,1.9758333333333333
-0.4294433152128814,-2.3092750745533954,1,1.99125
-0.5040983645746642,-2.9011938662554386,1,1.92
-0.5090081494127195,-2.695163165579574,1,1.8904166666666666
-0.32120769729515053,-2.5155552578195346,1,1.9154166666666665
0.26113610457682407,-2.070797360345324,1,2.1929166666666666
0.27065434937159655,-2.0858628887401207,1,2.1925
-0.206409668904788,-2.8825911009156338,1,2.05875
-0.4196780412483667,-2.585095766924327,1,1.935833333333333
-0.13738553631292516,-2.497010816212139,1,1.9820833333333334
0.8229323898908285,-2.2286377810777074,1,2.1758333333333333
0.7252322430490432,-2.2190065655824935,1,2.154166666666667
0.33157760139947073,-2.6388244801532887,1,2.0825
0.34232138575852217,-2.6752855202188486,1,2.05375
0.13695257396261004,-2.4730338063877095,1,1.9883333333333333
-0.01742503842022858,-2.7428394105842515,1,1.9404166666666665
-0.2071993444522731,-2.829641511232526,1,1.9670833333333333
-0.3289517316684287,-2.806458768777311,1,1.9408333333333332
-0.3453581070472358,-2.9784599256602866,1,1.9695833333333332
-0.6478430693398393,-2.85637870407602,1,1.9979166666666668
-0.4988224238771228,-2.7202526023397247,1,1.9366666666666668
-0.9073233436336426,-3.0581970309957756,1,2.1558333333333333
-0.08000261748771495,-2.753613536952352,1,1.9912500000000002
-0.008023009319424491,-2.9529914201816014,1,2.2816666666666667
0.4842336316774746,-3.0024136355242086,1,2.175
0.6313687611855114,-2.9893050270382817,1,2.1483333333333334
1.0837923675715104,-2.6024340385451135,1,2.1479166666666667
1.350069396829883,-2.244388677749882,1,1.9629166666666666
1.380944886924026,-2.5047743754153773,1,2.004583333333333
1.3784921603868563,-2.540847439562966,1,2.00125
1.754707989738611,-2.6441403653152764,1,2.07125
1.1926233725387612,-1.1568716113170534,1,1.7854166666666664
0.8835934048350726,-0.8969543692810987,1,1.7033333333333331
1.0311572378624028,-0.8872616541111926,1,1.6820833333333336
0.9911428721746111,-1.455561721008893,1,1.8025000000000002
0.8887595916828762,-0.9547909460889676,1,1.719166666666667
1.2146083001675205,-1.5547564994957324,1,1.8012499999999998
1.4022898366252436,-1.3260233865021496,1,1.8425
1.4251939919208945,-0.5249612491378882,1,1.7270833333333335
1.9444023291988006,-1.727813757361886,1,1.9620833333333334
1.5706578361355208,-1.2780922193129565,1,1.7654166666666669
1.0412184767004506,-0.6894202448200378,1,1.9262500000000002
1.0323610293066063,-1.2936521199715265,1,2.1033333333333335
1.0104651924562178,-1.386073630338194,1,2.0879166666666666
0.7341045427249654,-0.7889225526177772,1,2.2341666666666664
0.774814069791993,-0.8155964068255943,1,2.2675
0.80135940412472,-0.7938502756777868,1,2.233333333333333
1.5940086056410596,-0.6038057140720204,1,1.9370833333333335
1.6518608802529926,-0.5874234684893312,1,1.935833333333333
2.188360504265216,-1.0587417189939552,1,1.7975
2.2295907551071075,-1.1155505811918207,1,1.7954166666666664
2.5297189310454393,-1.9481558504404075,1,1.8808333333333334
2.2867294824438207,-1.3463460283549575,1,1.8070833333333336
2.3416675257805513,-1.2607213904749033,1,1.7595833333333333
2.749622401542374,-1.2794299447735837,1,1.8495833333333334
2.5619137408342527,-1.611739414307887,1,1.7874999999999999
2.9303632224122365,-2.2224629756502425,1,1.91625
2.89632640978114,-2.207105333360124,1,1.9245833333333333
2.938800413755312,-2.2107316323404063,1,1.9266666666666667
2.9741070250348804,-2.2190245414235217,1,1.9245833333333333
2.9713525855366303,-2.2138512397302645,1,1.935833333333333
3.7672820697761,-2.3280697644260195,1,2.1141666666666667
2.698471875824232,-1.176869826405474,1,1.7470833333333333
2.793399196250149,-2.228512325288212,1,1.86625
3.163470505459009,-1.2119921365352877,1,1.7550000000000001
2.484946667060775,-1.2456384836141638,1,1.6808333333333334
3.518054381873279,-1.4198266679422635,1,1.8895833333333334
2.780676568743827,-1.1837517789175542,1,1.7258333333333333
2.970330738146582,-2.0552617444202865,1,1.9008333333333336
3.394796427980111,-2.326199712402905,1,1.9854166666666668
2.968191303286443,-1.7175304503962414,1,1.8729166666666668
3.466185915687055,-2.2476272764309937,1,2.0175
3.795371635552534,-2.3822839773784352,1,2.03375
3.0295306113067273,-1.8894983488762505,1,1.8708333333333336
3.487432908929225,-1.885347262731076,1,1.9475
2.4987149897980743,-2.520810333053116,1,1.9220833333333334
0.5298379636435776,-2.6189343918856207,1,1.8062499999999997
1.429962186800432,-2.7806500500006877,1,1.9933333333333334
1.1629047218912465,-1.8851063953420903,1,1.7454166666666666
1.140538621856557,-1.893306280122223,1,1.7437500000000001
1.0972804453137304,-1.770135937169867,1,1.7670833333333331
1.2078251896385501,-1.9637664135884836,1,1.765
1.0502546662497398,-1.481326720425297,1,1.66125
1.272020965744818,-2.1341084021479633,1,1.7212500000000002
0.97780985561449,-2.0274587586670143,1,1.6641666666666666
0.6151787153756576,-1.1363734407204413,1,1.7833333333333334
2.004746075657228,-1.9830118629531528,1,1.7870833333333334
0.9408905413129419,-1.8668058691011928,1,1.9174999999999998
1.620586766492004,-1.2848893455948989,1,1.8012499999999998
-0.14365487541805685,-1.4192812045485208,1,1.6941666666666666
-0.37953481288288254,-0.8084431300556639,1,1.94625
0.27108979103170655,-0.3529162443264143,1,1.7816666666666665
0.33033502234399514,-0.6565684490563627,1,1.7162499999999998
-0.18125367036598802,0.020799826853924383,1,1.70125
-0.5660383059388842,-0.0712918701026361,2,1.7733333333333334
-0.5814325409497714,-0.01527514601073421,2,1.7408333333333335
-1.224349581701756,-1.0195733001884468,2,1.7416666666666665
-1.8806951170133317,-1.1200482080984793,2,1.888333333333333
-1.8806190225580608,-1.1261179009974303,2,1.89
-1.2242411250550855,-0.4148834312567523,2,1.8674999999999997
-1.0066950542195854,-0.07079043408154956,2,1.6987500000000002
-0.5095681787353353,0.6626389397070918,2,1.6758333333333333
-0.7663356564939625,0.22668743901877744,2,1.7162499999999998
-0.6054023114337197,-0.18926972432038816,2,1.5816666666666663
-1.338861184238573,-0.32374746663131865,2,1.7220833333333332
-0.5416757629948424,-0.191512922007277,2,1.6000000000000003
-1.320954282544008,-0.37149826689709764,2,1.7283333333333335
-1.3254609790665854,-0.3330890797325024,2,1.7220833333333332
-1.3156148674376933,-0.3699031539506215,2,1.7279166666666665
-1.262195039191389,-0.3087541667545791,2,1.7354166666666666
-1.2842192133725145,-0.399223425096507,2,1.7133333333333336
-1.4043304231653555,0.004526189449613529,2,1.8358333333333334
-0.6420419206666699,0.032033872637546895,2,1.7625
-1.3142793367752907,0.0416654686916016,2,1.8604166666666666
-0.7449700360057736,-0.08301711908269607,2,2.109583333333333
-1.3119823239255801,-0.041455972139160614,2,1.8608333333333331
-1.949029758529519,-0.8892119006931575,2,1.8645833333333333
-1.7578661831029976,-0.4694984582027363,2,1.7774999999999999
-2.012542389739564,-0.5204813003880413,2,1.9962499999999999
-1.8490673886725388,-0.06225950411856286,2,1.9175000000000002
-1.3349046490412997,-0.9613213049488558,2,1.9433333333333334
-1.3473765062602736,-0.7646450342747118,2,1.9241666666666666
-1.2803378977169606,-0.8399908090138637,2,1.9179166666666667
-0.8791067300970987,0.4381142300122811,2,1.7420833333333334
-1.4054392454870128,-0.39981658806851594,2,2.0558333333333336
-1.6439729088095298,-0.21485938799227183,2,1.9216666666666666
-1.6179176073870212,-0.06401495932638523,2,1.8979166666666665
-1.2751854863618195,-0.6496131147336274,2,2.096666666666667
-0.2766683436819385,-0.3019153940679742,1,1.9595833333333335
-0.4432011971458832,-0.06148202849491338,2,1.8470833333333332
-0.4036769657875354,-0.18694387693161782,2,1.86
-0.3916712870250016,-1.0912533123103982,1,1.7391666666666665
-1.394147266782782,-1.0373561479754732,2,2.0537499999999995
-1.1745052918324645,-0.7061979434737213,2,2.0229166666666667
-1.0194523410470495,-1.1355224040693044,1,1.9008333333333332
-0.09881082334186427,-0.34786166521902917,1,1.8695833333333332
0.9267397905276544,-0.8584506205523601,1,2.0304166666666665
0.18242461673474716,-0.8341581387238344,1,1.955416666666667
-0.13939124664425293,-1.1879399744461034,1,1.7645833333333334
-0.06288573092450742,-1.328271007686173,1,1.7320833333333334
0.12156716459601632,-0.9523902268531004,1,1.6325000000000003
0.15796341200608016,-0.9841737209698472,1,1.6325
0.19920522154977374,-1.011686620219787,1,1.6312499999999999
0.3299503832258572,-1.1682468189486395,1,1.6779166666666665
0.19633828483124158,-0.8079170903643551,1,1.5870833333333334
0.3969162622642096,-0.5941271387293807,1,1.6300000000000001
0.6355223717313789,-0.4064740733922513,1,1.7149999999999999
-0.7445121940130328,-1.3442179768138083,1,1.763333333333333
-0.48492148882637326,-1.214380842112161,1,1.7145833333333336
-0.9382802251880751,-0.8045896476207198,1,1.9320833333333332
-0.475160266455135,-1.7135460650566494,1,1.91375
-0.7230516375485234,-1.180916558866255,1,1.7516666666666667
-1.6369559849809838,-1.4275868487332044,2,1.8879166666666667
-0.9298315503465825,-0.8103148359673996,1,1.9316666666666666
-0.490187519882555,-1.5459722921654449,1,1.8858333333333333
-0.4071655617772322,-1.8104735193135952,1,1.892916666666667
-0.682674942464776,-1.3040682573921136,1,1.7275
-1.413090371851226,-1.3233803588852115,1,1.9324999999999999
-1.5223155562361326,-1.4694744660568682,1,1.90625
-1.2262173855156453,-1.3571918425470062,1,1.7983333333333331
-1.5877925966007813,-1.3448025601616498,2,1.9291666666666665
-1.2711773277620546,-0.9925286877984545,2,1.9783333333333333
-0.8856166489913728,-1.3377997714175653,1,1.6729166666666666
-1.3454724663262054,-1.1639699137859394,2,1.95625
-1.438413892006692,-1.3766394312006474,1,1.96125
-1.4349754906950887,-1.409453952861342,1,1.9516666666666664
-1.1343344995191416,-1.2143693813044019,1,1.8837499999999998
-1.1137548643720396,-1.39238857307196,1,1.91
-1.479064438229366,-1.709656755539688,1,1.80375
0.2505193254834647,-1.2200504953930478,1,1.4487499999999998
0.10525435226469605,-1.5109675561799485,1,1.4420833333333334
0.6379647953825446,-1.4171995561488584,1,1.3833333333333335
0.45026565287437353,-0.7046106628852398,1,1.31125
-1.7663640837910717,-1.380457881247437,2,1.7008333333333334
-1.4144537852279282,-0.8852903581928427,2,1.6158333333333335
-1.964036696582552,-0.8366678820711357,2,1.7054166666666666
-1.7163961391161964,-0.6784056869580939,2,1.7675
-1.7151036949752976,-0.7215366147001253,2,1.7566666666666666
-1.4462313880127569,-0.6717731462614419,2,1.7129166666666666
-1.5994310346376353,-1.2722667736771225,2,1.7120833333333334
-2.114235081951521,-1.0013019188432017,2,1.6858333333333333
-1.763492036790019,-0.91835648071562,2,1.5304166666666668
-1.5643465985083815,-0.6527334694161308,2,1.5083333333333335
-1.36633075742776,-1.0431011705132602,2,1.5604166666666668
-1.938235867922918,-0.5366221104584246,2,1.602083333333333
-2.030621825593882,-0.7139792062683429,2,1.7375
-1.865424806025473,-0.41445948324088805,2,1.6170833333333334
-2.157079162973949,-0.46667403464818674,2,1.65625
-2.427919081128237,-0.7504335935359024,2,1.67125
-2.545904264842606,-0.5644102549410607,2,1.6541666666666668
-2.50633884500874,-0.41115202989808153,2,1.61125
-1.924839827112004,-0.1913283449382669,2,1.42125
-2.489579950710125,0.1240914127366293,2,1.6141666666666665
-2.711851630642134,0.8216912307839165,2,1.57125
-3.211389695630513,1.5609830135742842,2,1.7216666666666667
-2.5828196826760297,1.17901139089146,2,1.529583333333333
-2.664326689953239,1.0463170307118854,2,1.4350000000000003
-2.547505719051813,0.9485729414709106,2,1.4920833333333334
-2.5642288427484456,1.5421127155181513,2,1.5574999999999999
-2.7715561487922304,1.8609516715854602,2,1.6929166666666668
-3.146787095977584,1.9929030593665982,2,1.635
-2.486071219491889,2.1764399898589377,2,1.5625
-2.6507680982378203,2.9407591424624258,2,1.7566666666666666
-2.833577359259398,2.9940012740716266,2,1.8083333333333336
-2.632686106657665,2.8742683179002526,2,1.77375
-3.4700457525520476,2.825158054034432,2,1.73125
-3.9677116227343285,2.8686677046604463,2,1.8920833333333331
-2.746503957577186,2.7711269871190183,2,1.6466666666666665
-3.2193577088553034,2.5107303106696803,2,1.6783333333333335
-2.5619039559633707,3.2608845907755413,2,1.5633333333333332
-3.16675604552007,2.7768350538627447,2,1.6354166666666667
-2.656678934500151,3.5964322158244597,2,1.6991666666666667
-2.8356548004463367,3.841056416400188,2,1.7091666666666665
-2.892724631429177,3.6139352675940932,2,1.6795833333333334
-2.729691449691203,3.739796107559406,2,1.7220833333333332
-2.839981865710156,3.9178613957174955,2,1.7675
-2.7269890743106338,3.7448422711703886,2,1.7216666666666667
-2.825038673430082,3.9024728792314463,2,1.7708333333333333
-2.6903969582911165,3.7539639783283865,2,1.7308333333333337
-2.720382819854748,3.7228355863175087,2,1.7220833333333332
-2.835150429145712,3.8996561149368953,2,1.7641666666666669
-2.6121671296266635,3.8017975731959415,2,1.8091666666666668
-2.4899269347344903,3.6007992693884447,2,1.7629166666666667
-2.4845174645536345,3.79254123853921,2,1.8233333333333335
-2.2683845663833644,3.193493082864779,2,1.6575
-2.1906098975359565,3.6452137427602778,2,1.8775000000000002
-2.27666395878828,3.822736318454154,2,1.8408333333333335
-2.0795843918148154,3.6821547895306526,2,1.8995833333333334
-1.9361183253349137,3.4628863504264027,2,1.8516666666666668
-2.0380984435591087,3.6383707444167825,2,1.9070833333333332
-1.8841724814074683,3.6442100207367027,2,1.8862499999999998
-2.5306321963745035,3.2866496095228555,2,2.0220833333333332
-2.5004487676223324,3.2670985624767064,2,2.02375
-2.5827212916760125,3.221130308513608,2,2.05125
-2.5016696852398197,3.278805717196498,2,2.0708333333333333
-2.525166831940168,3.1869917803297527,2,2.0541666666666667
-2.434976535301898,3.253272689804141,2,2.0729166666666665
-2.4835975341910888,3.143002661411237,2,2.0629166666666667
-2.2247421667259024,2.5304253696636647,2,1.89125
-2.293196979493301,2.6703248054837743,2,1.86625
-2.188791366844161,2.4929332512375786,2,1.8975
-1.917376160760596,2.684464289881328,2,1.9116666666666668
-2.1837482082995923,2.682489024084257,2,2.018333333333333
-2.3159141702231545,3.0553879107895536,2,2.0845833333333332
-1.796610227490144,2.399361534543546,2,1.9283333333333335
-1.3691663026274006,2.9497200293688746,2,1.86125
-2.4756765116548154,2.9145467988603717,2,2.1654166666666668
-2.43012084051966,2.9024733970305583,2,2.164166666666667
-2.410179901697041,2.903717712772468,2,2.165
-1.845358731647954,2.3634925869527064,2,2.049583333333333
-1.9611854219118579,2.1336450241806735,2,2.0070833333333336
-1.8405006159381994,2.1807532878573506,2,2.0316666666666667
-1.7094046442700725,2.5163375743334204,2,2.0383333333333336
-1.6452097413113485,2.2842048298219777,2,2.0920833333333335
-1.5509864588837539,2.4209436394098987,2,2.0966666666666667
-1.4045350457123231,2.014155595667141,2,2.026666666666667
-0.9639142693560547,2.582249687653186,2,1.9483333333333333
-1.0023810654306862,2.6746493552205237,2,1.9070833333333335
-0.525888286570668,2.2883831406409203,2,1.8816666666666666
-0.7316483241605345,2.8761980087824934,2,2.1824999999999997
-0.28418447466421914,2.6977738405574994,2,1.9983333333333333
-0.7285734585189682,2.982875094078237,2,2.2083333333333335
-1.0980303393243735,2.6350907810694437,2,2.0124999999999997
-0.7803731944099487,2.495153493723482,2,2.1875
-0.08606294342339137,2.649357240365945,2,2.0816666666666666
-0.37481381454862334,2.691391898470121,2,2.0866666666666664
-0.3782784343490038,3.278124632167633,2,2.24125
-0.13204437189003942,2.489258635043941,2,2.0516666666666663
-0.7410566354800178,2.447366606891016,2,2.1945833333333336
-0.3805522040763712,2.5014959811317,2,2.055
-0.3111218635673505,2.518753445705725,2,2.0533333333333332
-0.12662427779782154,2.1050730436889875,2,1.9641666666666666
0.1403340745778866,2.15801994304403,2,1.9420833333333334
-0.02490268234084585,2.034154016690402,2,1.9733333333333334
0.5258088264255071,2.841217499045957,0,2.1016666666666666
0.6365936413333956,2.76034393236046,0,2.0487499999999996
0.7807994346346123,2.885838576587939,0,2.07375
0.8259725148276811,2.8666753798547133,0,2.0720833333333335
1.0444903326299533,3.1457550544365245,0,2.125833333333333
1.7882374608485392,4.394696251485705,0,2.3379166666666666
1.8342599762355853,4.381318999509736,0,2.3379166666666666
1.8637924955545855,4.347813491997731,0,2.34125
1.4177852592403763,3.9391576712222376,0,2.1783333333333332
1.4695497096050074,3.9141363068087816,0,2.1795833333333334
2.232813427878506,4.89748801156697,0,2.3604166666666666
1.5858130709136913,3.896498900234941,0,2.1750000000000003
2.3658332307198036,4.696467763278869,0,2.31375
2.403258715301308,4.85185446280983,0,2.3491666666666666
2.020826195383967,3.701530078482377,0,2.1991666666666667
1.9161726733973008,3.585659433084996,0,2.2391666666666667
2.0549204167894874,2.27124168048838,0,1.9729166666666667
2.086528150251621,2.279259590773969,0,1.9637499999999999
1.630500560301089,1.415701365186639,0,1.8566666666666667
2.099548369953381,1.7107666154513805,0,1.9929166666666667
1.6770807777367283,1.3079450423657886,0,1.8270833333333334
1.6744901426718748,1.0741033785836713,0,1.8800000000000001
1.7407098356062785,1.0494820308562056,0,1.8724999999999998
2.276749930738643,1.5585583992904433,0,1.9825
1.8770966489441803,1.1718023320311144,0,1.9229166666666666
1.894621082039111,1.122017539967545,0,1.9191666666666667
1.8660685205752925,1.195769797805187,0,2.157083333333333
2.5758874336996413,1.5065129336375827,0,2.015833333333333
2.69352421861273,1.848624587329406,0,2.1033333333333335
2.7706624086202662,1.9471289229424273,0,2.049583333333333
2.6218368077446303,2.31041563167661,0,2.1666666666666665
2.644869264024081,2.5088659012126,0,2.11
2.638529162718773,2.5419046641226624,0,2.1195833333333334
2.5618474703437575,2.1526916939003584,0,2.1041666666666665
2.7561424288605405,1.6949776102271474,0,1.9191666666666667
2.7816073761623916,1.6454446409799248,0,1.9295833333333334
2.4895916413843775,1.2182907461746773,0,1.8008333333333333
2.905117243298038,1.550275671583621,0,1.9654166666666668
3.7953425764513637,1.8238325368474013,0,2.2929166666666667
3.6348312221398285,2.0802796291736785,0,2.0212499999999998
3.6545483363156563,1.949635538846237,0,2.0004166666666667
2.814142338418582,1.6458035839141356,0,2.0825
2.9379879783751366,1.5490549115186538,0,2.08625
2.7117194377987754,1.9416966750816795,0,1.9900000000000002
2.799064861536719,1.307581286046093,0,1.8166666666666664
3.698488536064162,2.5589451018709592,0,1.9945833333333332
4.006324674944408,2.485333321990446,0,2.01
3.160497300338943,1.4943514017352129,0,1.79625
4.505397805334064,3.4387787589145304,0,2.1675
4.094259298406404,2.514475699916418,0,2.057916666666667
4.079630775538433,2.3217264708567416,0,2.12125
4.133030535906052,2.4554601632832984,0,2.0145833333333334
4.882597324470355,3.3882049293484573,0,2.1704166666666667
4.535886899946016,2.8628490081059432,0,2.1733333333333333
4.880013848523914,3.5156347383188584,0,2.4375
5.207578737537156,2.1829769292098757,0,2.20875
3.735197390381181,2.565283232747578,0,2.2587500000000005
3.97294670258661,1.8374044794028526,0,1.9375
4.031549937819809,1.7751264237482984,0,1.945
3.5119619406302185,2.4630290256493543,0,2.0
4.018684617862413,2.8308953040187728,0,2.03875
3.7483565715337783,2.42131412464769,0,2.049583333333333
3.976705570417556,2.325619529080396,0,2.0991666666666666
4.170708283860149,2.597719428253891,0,2.202916666666667
3.4473863797536928,3.478133848439297,0,2.2620833333333334
3.949808220669706,3.18673112091854,0,2.0316666666666667
4.007514173611931,4.047404813968218,0,2.2854166666666664
3.3928477972097024,1.9136894102862587,0,1.9245833333333333
4.526989226183984,1.7740872878936007,0,1.9679166666666668
3.942064293243163,1.8715606100780908,0,2.009583333333333
3.8530338787514467,1.3684933644006796,0,1.9191666666666667
4.461662767346847,2.4410305836849426,0,2.1637500000000003
3.1034386779678784,3.091673047965195,0,2.0195833333333333
3.1541051785641137,2.808016445293195,0,2.01625
3.552862158063442,2.736273159453371,0,2.0554166666666664
3.8678922168359517,2.494678354989939,0,1.9662499999999998
3.9022483546953257,3.055040585043133,0,1.939166666666667
4.578605484117395,2.159557733266792,0,1.8675
3.6597726839103655,3.1025733231364447,0,2.0054166666666666
3.670006699708716,3.11113232101176,0,1.9908333333333335
3.87542193944716,2.575197336762318,0,2.0233333333333334
3.4845322911268926,2.707186177894949,0,1.82
3.5802617074162817,3.7774068654945165,0,2.0820833333333333
3.5504185107438575,3.612975424465352,0,2.02375
3.298617672270776,3.971875145155581,0,2.169583333333333
4.632811199823892,4.144155907101259,0,2.02
4.096469575659671,4.98124080343506,0,2.4141666666666666
4.4513265205079415,4.9516366274112835,0,2.3125
4.311461834095317,4.611737726980042,0,2.1508333333333334
3.4177408132449334,3.3438592540775818,0,2.006666666666667
4.675579233243075,4.352013427269556,0,2.145
4.720120375095998,5.165432430410916,0,2.3537500000000002
4.601962219454405,4.9359425205874174,0,2.2391666666666667
4.57384848749927,4.907929203125579,0,2.235
4.607398929468066,4.96796422264261,0,2.2375000000000003
4.5348109061607005,4.885572458652907,0,2.2620833333333334
4.312105444987621,4.721722372699642,0,2.2066666666666666
3.5512641705306227,3.5436592143193075,0,2.0254166666666666
3.667214985598713,3.573275737439849,0,2.0116666666666667
4.134943031206486,3.8552354057856872,0,2.1108333333333333
4.087791343847879,3.8129553960759575,0,2.1808333333333336
4.303540679710699,2.976661015641146,0,1.9437500000000003
4.6417392867604645,3.1248323965011475,0,1.9683333333333335
4.914891157578565,2.933099025187598,0,2.04375
5.248432451801877,2.2992983579208937,0,1.9799999999999998
4.721084830421127,2.1668802510638674,0,1.843333333333333
5.158285357706125,2.0333109792433,0,1.9400000000000002
5.546983219900025,2.4654800556777445,0,2.0095833333333335
4.294461014842389,1.821412912344071,0,1.9304166666666667
4.781198565380726,1.731789847551364,0,2.0470833333333336
4.223822198266252,1.9946275337290889,0,1.9216666666666669
4.582433774782332,1.1334836773225816,0,1.7629166666666667
5.286953478850178,0.8309374418316773,0,2.1045833333333337
5.905404389773684,-0.015092211215713348,0,2.154166666666667
4.6600860115480955,1.620418811369806,0,2.0795833333333333
4.765583107624982,1.7519874309468548,0,2.02625
4.1547534877033,0.5012046967959072,0,1.750416666666667
4.466135029633357,1.3562154365250187,0,2.1054166666666667
4.892183212502209,0.22618462083412516,0,1.8729166666666668
5.677249069435195,1.187317633259064,0,2.0225
5.210221149918211,0.16401917000232524,0,1.9070833333333332
3.9930852401857106,-0.08606025828069111,0,1.7108333333333334
4.972877830061825,0.09385312870446509,0,1.8724999999999998
5.014078315688862,0.11769815263603906,0,1.8516666666666666
4.936489354924773,0.14098911492823174,0,1.8675
5.539387637118509,0.9005606280986518,0,2.0966666666666667
4.909962640985805,0.5029292998905623,0,2.1095833333333336
5.474680715428042,-0.06015068595014892,0,2.1337499999999996
4.362472418083432,0.03722232797648323,0,1.99875
4.768648905106307,-0.4951148929985635,0,1.8933333333333333
4.2569331595020605,-0.46202901901323706,0,1.85125
4.244096884575199,-0.5000619356127807,0,1.8475000000000001
4.192850809609911,-0.504761159140761,0,1.85625
4.222078416061525,0.5312622037645145,0,2.0254166666666666
3.490253913296014,-0.2748201546983077,0,1.8695833333333336
3.732252828227614,-0.6116733092287117,0,1.86125
3.6553214834361447,-0.7087401289575674,0,1.9087500000000002
4.032813437219231,-0.5956746108355194,0,1.9041666666666668
3.1468575852512415,-0.6611493318934601,0,1.75875
2.6852444193500795,0.26979255626205884,0,1.8795833333333334
3.212913733905987,-0.8489105553773858,0,1.83375
3.1683679478714724,-0.9636506140105966,0,1.8662500000000002
4.727740009769358,-0.761777533496221,0,2.2175000000000002
4.3728972883527915,-0.26445186725647934,0,2.2291666666666665
3.718120837145823,-1.2088725713297401,0,2.067083333333333
3.4421499573687226,-1.3486087929951613,1,2.2362499999999996
3.0275714678140324,-1.4313860501527094,1,2.1662500000000002
3.3962761750362223,-1.8439511193619733,1,2.0625
3.4858967780342702,-2.0337986022504184,1,2.3195833333333336
3.526281611285758,-1.0101291847807614,0,1.9554166666666664
3.0574062239155415,-0.5695188190315049,0,1.9954166666666666
3.8459552205846954,-0.37310272910806597,0,2.203333333333333
3.1019008582783774,-0.4153531099020771,0,1.9433333333333334
2.836457879179012,-0.40053794669323844,0,1.9666666666666668
4.449289045396627,-0.674204654754059,0,2.1566666666666667
5.025939724609724,0.0420027578791341,0,2.305
4.812818365831115,0.4074144372526661,0,2.1929166666666666
4.203834868334999,-0.5715174606052313,0,2.1145833333333335
4.874994772821269,0.46804702807284054,0,2.214166666666667
4.992544062365359,0.5601938588421677,0,2.225
3.0195973233932496,-0.4345757982861384,0,2.0608333333333335
3.395532497514039,-0.8629411505772444,0,1.9316666666666666
3.881917407915273,0.10652777984016114,0,2.0870833333333336
3.988894662181843,-0.009180084279090254,0,2.11625
4.219134782489807,0.6407342212303766,0,2.2158333333333333
3.722191100535029,0.2050981209788913,0,2.5233333333333334
4.452288996447212,0.6772386431360073,0,2.6654166666666668
4.6714092721846185,0.5782673715658473,0,2.75375
3.3788203818069777,0.8112893301237459,0,2.53125
4.807736387951881,-0.45058722592302075,0,2.654583333333333
4.8273709178023045,-0.3609199444197866,0,2.3874999999999997
3.752980083300825,-0.08123639115970373,0,2.2529166666666662
4.606306280136744,-0.6066237477319598,0,2.250833333333333
3.608187363735688,-0.2666791593473659,0,2.2624999999999997
3.4499886667526964,-1.0294770368807196,0,1.9370833333333335
3.9250220088797745,-0.8406859753464161,0,2.029166666666667
3.6789400400016525,-0.13050134582186568,0,2.1541666666666663
3.898723089396725,-1.0259148921587233,0,2.0520833333333335
